tenure,monthly_charges,total_charges,contract,internet_service,payment_method,num_complaints,num_support_calls,data_usage_gb,senior_citizen,partner,dependents,tech_support,online_security,actual_churn,churn_probability,predicted_churn,risk_segment
5,63.53,289.95,0,1,2,0,3,10.37,0,0,0,0,0,1,0.8767,1,High
43,20.0,849.54,0,1,2,1,5,3.24,0,0,1,2,1,0,0.4381,0,Medium
36,71.13,2600.17,0,0,0,0,2,1.89,0,0,0,2,2,1,0.3321,0,Medium
72,67.14,4735.68,0,0,1,1,0,3.54,0,0,0,2,0,0,0.4021,0,Medium
62,20.74,1197.42,0,0,0,0,2,14.53,0,0,0,0,2,0,0.4425,0,Medium
1,66.5,63.63,1,2,2,0,4,3.53,1,1,0,1,0,1,0.2411,0,Low
3,20.0,62.93,1,2,3,0,4,53.98,1,0,0,0,2,0,0.3115,0,Medium
26,68.79,1804.41,2,0,2,0,4,6.68,0,1,0,1,0,0,0.1701,0,Low
7,82.87,619.92,0,0,1,0,4,14.56,0,0,0,2,2,1,0.6004,1,High
1,70.85,68.29,0,0,1,0,2,19.88,0,1,1,0,2,0,0.5466,1,Medium
51,88.15,4672.08,0,1,2,0,3,7.39,0,1,0,1,0,1,0.5963,1,Medium
10,74.57,719.3,1,1,1,1,2,11.89,0,1,0,0,2,0,0.1647,0,Low
1,20.0,19.94,1,2,2,0,3,20.77,1,0,1,0,2,0,0.258,0,Low
30,80.58,2482.78,0,0,1,0,6,11.4,0,1,1,2,0,0,0.3169,0,Medium
19,68.22,1316.03,0,1,0,1,3,1.97,1,1,0,1,2,1,0.5164,1,Medium
29,60.23,1713.19,1,2,2,0,4,2.4,0,1,0,0,1,0,0.1162,0,Low
71,84.71,5784.31,0,1,0,0,7,15.42,0,1,1,2,2,1,0.3679,0,Medium
52,68.79,3490.06,2,1,1,1,1,11.97,0,0,0,0,0,0,0.1532,0,Low
72,83.87,6267.46,0,2,3,0,0,12.87,1,1,0,0,1,1,0.2691,0,Low
72,114.63,8671.24,0,0,2,0,1,6.75,0,1,0,2,1,1,0.4114,0,Medium
36,62.2,2141.41,1,0,2,0,4,0.64,1,0,0,0,0,0,0.1641,0,Low
1,74.78,79.74,0,0,1,0,0,4.07,0,0,1,0,2,1,0.6072,1,High
34,56.66,1989.27,0,1,0,0,2,1.58,0,1,1,1,0,0,0.4189,0,Medium
5,32.18,166.77,0,1,3,1,2,0.13,0,1,0,0,1,0,0.5883,1,Medium
2,102.24,191.42,2,0,2,0,3,1.27,1,0,0,1,1,0,0.293,0,Low
54,39.68,2251.07,2,1,1,1,2,9.96,0,1,1,0,1,0,0.1643,0,Low
40,120.0,4321.27,0,0,0,0,4,7.83,0,0,0,1,0,0,0.7267,1,High
23,58.19,1306.39,1,0,2,0,3,3.12,0,0,0,0,0,0,0.4657,0,Medium
21,49.17,1114.78,1,0,3,1,1,9.01,0,0,0,2,0,0,0.4179,0,Medium
31,58.93,1663.71,0,0,3,2,4,2.79,0,1,0,1,1,0,0.3887,0,Medium
2,84.63,184.01,1,0,0,1,2,6.22,0,1,1,1,1,0,0.242,0,Low
30,74.53,2109.08,2,0,0,0,8,1.0,1,1,1,0,1,0,0.1123,0,Low
7,78.74,563.67,2,2,0,0,1,4.06,0,1,0,1,0,1,0.1841,0,Low
30,26.42,724.71,1,0,2,0,2,4.42,0,1,0,0,2,0,0.1037,0,Low
2,91.82,167.76,0,2,3,1,5,9.01,0,0,0,0,0,1,0.579,1,Medium
35,67.9,2506.4,0,0,2,2,1,21.6,1,0,0,0,0,1,0.6679,1,High
33,116.3,3646.48,0,0,2,0,1,2.43,0,1,1,0,2,0,0.3471,0,Medium
25,35.56,974.31,0,0,0,0,1,3.13,0,0,1,1,1,0,0.5489,1,Medium
60,63.18,3515.04,0,1,2,0,5,10.69,0,1,0,0,2,0,0.365,0,Medium
24,77.68,1781.41,2,2,1,0,1,5.23,0,1,1,1,2,0,0.1159,0,Low
18,91.0,1555.3,0,1,3,1,5,9.95,0,0,1,0,0,0,0.6915,1,High
5,55.36,291.99,0,0,3,0,1,0.74,0,0,0,2,0,0,0.6218,1,High
10,60.69,547.84,0,1,1,1,3,14.13,0,0,0,0,0,0,0.872,1,High
30,87.15,2654.78,0,1,2,2,7,1.68,0,1,0,0,2,1,0.3152,0,Medium
53,55.96,2910.28,2,1,2,1,1,6.8,1,1,0,2,0,0,0.0786,0,Low
43,50.9,2127.93,1,0,1,1,3,15.47,1,1,0,1,2,0,0.0845,0,Low
13,73.31,867.44,2,0,2,0,2,1.17,0,0,0,0,0,0,0.3363,0,Medium
7,75.34,541.76,0,1,1,1,3,8.7,0,1,1,2,2,1,0.539,1,Medium
1,29.28,28.62,0,1,0,0,4,4.61,0,0,0,0,1,0,0.839,1,High
11,68.49,770.41,0,1,3,1,4,42.9,0,0,0,2,2,0,0.4385,0,Medium
23,20.0,445.32,0,1,2,0,1,10.41,1,0,0,0,0,0,0.7197,1,High
61,68.59,4157.8,1,2,3,2,3,6.01,1,0,1,1,1,0,0.0855,0,Low
32,47.16,1540.94,0,1,3,1,1,11.52,0,1,0,0,1,0,0.4198,0,Medium
32,35.8,1069.75,0,1,3,1,3,5.05,0,0,0,0,1,0,0.4694,0,Medium
53,20.0,1088.63,1,2,2,0,2,3.8,0,0,0,1,1,0,0.2032,0,Low
18,44.43,843.88,0,1,2,0,5,4.78,0,1,0,0,0,1,0.7248,1,High
15,77.02,1205.89,2,0,2,0,0,6.06,0,0,0,2,1,0,0.2645,0,Low
21,97.27,2190.75,0,1,2,0,3,5.7,0,1,1,0,1,0,0.6798,1,High
51,45.59,2329.26,0,1,3,0,2,2.69,1,0,0,0,2,0,0.4203,0,Medium
72,56.99,4076.35,0,1,1,0,4,13.32,0,1,0,0,2,0,0.3845,0,Medium
29,70.35,1860.3,2,0,0,0,2,5.23,0,0,1,0,0,0,0.1581,0,Low
31,39.09,1137.29,1,1,0,0,0,5.22,0,1,0,2,0,0,0.1835,0,Low
15,79.12,1265.84,2,0,3,0,3,6.51,0,1,0,0,0,0,0.2821,0,Low
9,98.84,915.34,0,2,0,0,0,1.79,0,0,0,1,2,0,0.5348,1,Medium
33,25.13,767.99,1,2,1,1,7,7.37,0,0,0,1,0,0,0.2683,0,Low
14,63.39,883.7,1,0,0,1,3,5.0,0,1,0,1,2,0,0.1367,0,Low
18,37.59,632.47,1,2,1,0,1,1.6,1,1,0,0,0,0,0.1897,0,Low
10,27.96,269.12,0,1,2,1,3,11.89,0,1,0,0,1,1,0.7728,1,High
35,71.69,2641.84,0,0,1,0,4,3.69,0,1,0,1,2,0,0.3479,0,Medium
33,79.74,2578.75,1,0,1,0,4,6.6,0,1,0,0,1,0,0.1763,0,Low
47,42.11,2107.96,1,1,2,0,6,0.1,1,0,0,0,2,0,0.1154,0,Low
1,38.54,42.33,2,0,2,0,1,7.57,1,0,1,0,2,0,0.2041,0,Low
52,44.96,2452.0,0,0,2,0,3,9.78,0,1,0,0,0,0,0.5609,1,Medium
1,93.21,85.73,0,1,2,1,1,0.91,0,1,1,0,0,1,0.5486,1,Medium
23,58.8,1414.83,0,2,0,1,6,3.21,0,0,1,1,1,1,0.5604,1,Medium
25,83.38,2106.4,1,1,2,0,6,2.94,0,0,1,0,2,0,0.0979,0,Low
4,64.06,281.69,2,1,2,0,1,14.26,1,1,0,2,2,0,0.1603,0,Low
43,87.54,3686.93,2,1,0,0,1,13.29,0,1,0,1,1,0,0.1161,0,Low
8,99.0,836.15,1,0,0,0,2,7.03,0,0,1,2,0,0,0.2345,0,Low
19,20.0,404.97,0,0,2,1,2,5.45,0,0,0,0,0,0,0.8079,1,High
14,67.18,882.63,2,1,2,2,1,20.83,0,1,0,0,0,0,0.2956,0,Low
19,59.42,1199.75,0,1,1,0,0,12.84,0,1,1,2,2,1,0.4802,0,Medium
8,82.16,693.38,2,1,0,4,2,2.36,0,1,1,2,0,1,0.2584,0,Low
18,48.78,961.43,1,1,1,0,5,8.36,0,0,0,0,2,0,0.1732,0,Low
14,55.3,844.96,1,1,1,1,0,3.51,0,0,1,0,2,0,0.1697,0,Low
51,20.0,1056.65,1,1,2,1,1,12.3,1,0,1,0,0,0,0.239,0,Low
37,66.8,2457.53,2,1,3,2,2,2.72,1,1,0,0,2,0,0.0561,0,Low
9,100.51,853.14,1,0,0,0,2,6.42,0,0,0,2,2,0,0.2958,0,Low
72,56.75,4077.31,0,2,2,2,4,2.22,0,1,0,2,0,1,0.3959,0,Medium
4,84.18,346.54,2,1,2,0,4,2.93,0,0,1,0,1,0,0.2777,0,Low
50,73.27,3330.67,0,1,2,0,1,3.85,0,0,1,0,1,0,0.4507,0,Medium
25,30.86,730.88,1,2,3,2,0,4.32,0,1,0,0,2,0,0.1451,0,Low
20,70.51,1525.41,0,1,3,1,1,55.55,0,1,1,0,1,0,0.5066,1,Medium
34,45.25,1385.99,1,0,3,2,3,5.48,0,0,0,1,0,0,0.1649,0,Low
72,98.35,7106.93,2,2,0,1,4,0.27,0,1,1,0,2,0,0.1065,0,Low
14,43.73,561.13,2,1,3,0,3,1.46,0,1,0,0,1,0,0.1869,0,Low
52,53.49,2967.31,1,0,2,0,0,1.41,0,0,0,2,2,0,0.068,0,Low
8,71.24,613.66,0,0,2,0,3,19.95,0,1,0,0,0,0,0.753,1,High
8,64.52,531.2,0,0,3,1,3,8.04,0,1,0,1,2,0,0.5798,1,Medium
15,70.52,1134.24,2,2,2,0,3,8.71,0,0,0,0,0,0,0.271,0,Low
15,87.85,1329.98,0,0,0,0,3,1.32,0,0,0,0,0,0,0.8748,1,High
52,65.5,3480.06,2,1,0,1,3,14.85,0,0,0,1,1,0,0.1539,0,Low
9,49.97,449.14,1,2,1,1,3,24.33,0,1,0,2,0,0,0.1706,0,Low
6,45.6,275.77,0,0,1,1,4,12.88,0,0,1,0,0,1,0.7013,1,High
57,71.59,4034.57,0,0,1,0,3,2.91,0,1,1,0,1,0,0.3916,0,Medium
72,81.04,5963.43,2,1,2,1,2,18.45,1,1,0,0,2,0,0.0856,0,Low
10,120.0,1129.7,0,0,1,0,4,0.8,0,1,0,2,0,0,0.5746,1,Medium
5,29.04,144.67,0,0,2,0,3,11.21,0,1,0,2,0,0,0.5746,1,Medium
6,81.68,516.43,0,1,2,0,3,4.19,0,0,0,0,0,1,0.8809,1,High
4,41.23,174.95,0,1,2,2,8,3.3,0,0,0,0,0,1,0.7775,1,High
27,117.07,2892.35,0,1,1,0,3,7.81,0,0,0,2,0,0,0.5465,1,Medium
13,36.16,450.6,0,1,0,0,2,23.82,0,0,0,0,2,1,0.4643,0,Medium
1,76.32,71.31,0,2,2,0,4,2.0,1,1,0,2,0,1,0.3872,0,Medium
34,44.94,1445.68,0,1,3,1,4,10.86,0,0,0,0,0,0,0.4721,0,Medium
5,100.91,502.11,0,1,3,0,1,1.14,0,1,1,2,1,0,0.5308,1,Medium
18,29.91,527.69,2,2,1,0,4,0.11,0,0,0,0,1,0,0.2474,0,Low
2,57.64,111.68,2,1,1,1,4,7.44,0,1,1,2,0,0,0.1687,0,Low
30,91.25,2475.32,0,0,2,3,3,8.14,0,1,0,0,0,0,0.6682,1,High
2,48.16,104.66,0,2,0,1,6,8.33,0,0,0,2,0,1,0.5442,1,Medium
5,75.44,414.29,0,0,2,0,1,7.37,1,0,0,1,0,0,0.7787,1,High
8,83.63,706.36,0,1,2,0,4,11.31,0,0,1,1,0,0,0.8006,1,High
7,57.05,411.61,1,1,0,0,6,6.55,0,1,0,0,0,0,0.3129,0,Medium
69,56.33,3850.39,1,2,1,0,4,19.86,0,0,0,0,2,0,0.0954,0,Low
41,39.07,1739.96,2,1,2,0,5,3.68,0,1,0,0,0,0,0.1658,0,Low
12,60.93,694.71,0,2,0,1,2,59.04,1,0,1,2,0,0,0.3651,0,Medium
46,28.03,1310.34,0,1,0,0,0,14.09,0,0,0,1,0,0,0.7486,1,High
34,65.19,2337.65,1,1,0,1,3,24.65,0,1,1,2,0,0,0.1806,0,Low
28,73.55,2029.2,2,1,0,1,3,4.21,0,0,1,0,2,0,0.0776,0,Low
72,70.58,5240.96,0,1,3,0,2,3.89,0,0,0,2,1,0,0.311,0,Medium
5,43.22,208.92,0,1,0,0,2,18.86,0,1,0,1,0,1,0.7599,1,High
17,20.0,371.2,0,1,0,1,5,7.91,0,1,1,2,1,0,0.4495,0,Medium
34,103.17,3180.29,2,1,3,0,4,25.13,0,0,0,1,0,0,0.1104,0,Low
46,60.39,2920.64,0,1,2,1,4,19.07,1,1,1,2,0,0,0.3985,0,Medium
7,79.31,580.02,1,0,2,0,2,5.97,0,0,0,1,0,0,0.4937,0,Medium
58,99.16,6126.66,2,0,1,2,4,10.79,0,1,0,2,0,0,0.0848,0,Low
45,86.85,4206.24,0,1,2,2,6,24.59,1,0,0,0,0,1,0.5387,1,Medium
72,20.0,1346.55,2,1,3,0,4,1.13,0,1,0,2,0,0,0.1444,0,Low
26,57.18,1560.44,1,0,2,1,2,6.46,0,1,0,0,0,0,0.2281,0,Low
16,20.0,344.94,0,0,2,0,2,14.3,0,1,1,0,2,0,0.422,0,Medium
72,63.47,4118.22,0,0,0,2,8,9.34,0,0,0,1,2,1,0.3721,0,Medium
51,39.9,2114.11,2,2,0,0,4,0.64,1,1,0,0,0,0,0.1118,0,Low
16,58.06,919.24,0,0,0,0,0,1.38,0,1,1,2,1,0,0.5111,1,Medium
2,48.97,92.69,2,0,2,2,3,18.13,0,0,0,1,0,0,0.3202,0,Medium
7,81.14,526.86,2,2,2,0,4,2.94,0,1,0,0,2,0,0.1572,0,Low
72,72.69,5279.39,0,2,1,3,2,2.96,0,0,0,2,1,1,0.4289,0,Medium
48,69.57,3554.91,1,1,3,0,8,5.81,0,1,0,1,0,0,0.0602,0,Low
13,31.04,369.09,0,1,2,0,5,3.38,0,1,1,1,0,1,0.5696,1,Medium
27,43.84,1301.93,0,0,3,2,3,6.7,0,1,0,0,0,0,0.3685,0,Medium
27,74.93,1830.83,0,2,2,0,3,3.79,0,1,0,2,0,0,0.3566,0,Medium
10,77.47,719.43,2,1,2,0,5,9.53,0,0,1,1,2,0,0.1366,0,Low
47,20.0,978.86,1,1,2,0,3,11.37,0,1,0,0,2,0,0.1237,0,Low
15,105.98,1498.83,1,1,0,0,0,0.87,0,1,1,0,0,0,0.336,0,Medium
8,56.19,437.91,0,0,2,1,2,1.31,1,0,0,1,1,1,0.7019,1,High
9,86.04,709.96,0,1,2,1,5,8.89,0,0,0,1,1,1,0.8556,1,High
42,20.0,878.74,0,1,3,1,3,5.22,0,1,1,0,0,1,0.3122,0,Medium
2,28.22,52.15,1,0,1,0,3,8.46,1,1,0,0,0,0,0.3006,0,Medium
23,65.81,1375.22,0,1,1,0,1,4.28,0,0,0,0,1,1,0.8589,1,High
19,71.0,1292.58,0,1,3,0,4,5.63,0,0,0,0,0,0,0.733,1,High
4,42.05,170.94,1,0,3,2,3,7.4,1,1,0,1,2,0,0.2721,0,Low
32,87.25,2888.62,0,1,3,0,3,36.63,0,0,1,1,1,0,0.3389,0,Medium
30,43.04,1399.5,0,0,0,0,6,3.86,0,0,0,2,0,0,0.5332,1,Medium
11,71.08,710.97,0,1,2,0,4,34.0,0,0,0,0,0,1,0.8333,1,High
37,46.03,1765.2,1,0,2,0,1,0.88,0,1,0,0,2,0,0.1021,0,Low
6,110.85,716.74,0,0,1,0,5,17.85,0,1,0,0,1,0,0.7992,1,High
2,49.68,91.43,0,1,0,1,1,9.33,0,1,0,0,0,1,0.7684,1,High
54,38.29,1934.19,0,1,2,0,5,2.81,0,1,0,2,0,1,0.4641,0,Medium
30,63.24,2000.38,2,0,3,0,5,6.5,0,1,1,0,2,0,0.058,0,Low
46,37.53,1612.46,0,2,2,1,5,8.46,0,1,0,2,2,0,0.3387,0,Medium
19,33.24,643.07,1,1,3,0,3,4.7,0,0,0,2,2,0,0.1182,0,Low
33,61.07,1890.06,0,1,3,0,5,2.11,0,0,0,2,0,1,0.4624,0,Medium
10,54.28,504.58,0,1,0,0,0,59.04,0,1,0,1,0,1,0.6964,1,High
38,22.82,801.44,0,1,3,0,1,21.17,1,0,0,0,0,1,0.5328,1,Medium
1,52.78,49.35,0,1,1,1,2,18.34,0,1,0,2,0,0,0.681,1,High
28,82.89,2155.19,0,2,0,1,3,4.61,0,1,1,2,0,0,0.3689,0,Medium
46,71.17,3112.52,0,1,0,0,5,11.32,0,1,0,1,1,0,0.4602,0,Medium
21,50.65,1081.01,0,2,3,3,1,4.41,0,0,0,2,1,0,0.5254,1,Medium
27,80.59,2194.9,2,2,0,0,2,0.24,0,1,0,2,0,0,0.1042,0,Low
9,92.59,857.58,1,1,0,0,1,12.27,0,1,1,0,2,1,0.2281,0,Low
1,83.93,90.98,0,1,2,1,4,5.72,0,1,0,2,0,0,0.59,1,Medium
20,70.95,1519.49,0,1,3,0,0,24.73,0,1,0,2,1,1,0.4587,0,Medium
17,120.0,2209.24,0,1,1,1,2,3.32,0,1,0,1,0,1,0.7355,1,High
72,53.71,3869.25,1,1,1,0,4,5.8,0,0,0,2,0,0,0.0992,0,Low
10,69.51,727.0,2,2,2,0,4,34.16,1,0,1,0,0,0,0.1782,0,Low
43,28.62,1253.63,0,1,1,1,4,4.24,1,1,1,0,2,0,0.3319,0,Medium
27,20.0,566.38,0,0,0,1,3,3.95,0,0,1,0,0,0,0.5096,1,Medium
40,111.73,4157.99,0,2,0,2,4,18.38,0,1,0,0,2,0,0.3214,0,Medium
44,56.51,2472.92,2,0,0,1,0,6.31,0,1,1,0,2,0,0.0526,0,Low
19,68.1,1355.44,0,1,2,0,6,46.44,0,1,1,0,2,1,0.4706,0,Medium
4,76.04,280.04,1,2,3,1,2,38.43,0,1,0,1,0,0,0.2178,0,Low
12,57.8,629.05,2,0,0,0,1,5.13,0,1,1,2,2,0,0.086,0,Low
12,79.68,926.48,0,1,1,0,4,5.88,0,0,0,0,0,0,0.8805,1,High
2,47.33,101.48,0,1,2,1,2,0.37,0,0,1,1,2,0,0.4784,0,Medium
18,55.16,935.04,0,0,2,0,3,5.86,1,0,1,0,0,1,0.6629,1,High
20,26.74,531.13,1,0,3,1,1,7.28,0,0,1,2,2,0,0.1254,0,Low
72,20.0,1517.19,1,1,2,0,1,7.72,0,1,1,1,0,0,0.145,0,Low
22,53.27,1233.91,2,0,0,0,1,1.54,1,0,1,0,0,0,0.2679,0,Low
9,81.39,730.17,0,2,1,1,6,2.41,0,1,0,2,2,0,0.4185,0,Medium
33,96.67,3078.84,1,0,0,0,4,12.68,0,1,1,1,0,0,0.1251,0,Low
31,20.0,603.11,0,2,2,0,4,11.06,0,1,0,2,0,0,0.3452,0,Medium
24,105.19,2776.15,0,1,2,1,2,17.64,1,0,0,0,2,0,0.5135,1,Medium
72,84.95,5970.27,0,1,3,0,6,3.68,0,0,0,1,0,0,0.3739,0,Medium
21,99.25,2267.4,0,0,1,0,4,7.83,1,0,0,0,0,0,0.7355,1,High
28,64.45,1892.74,0,1,2,0,2,25.91,0,0,0,2,0,1,0.5353,1,Medium
10,49.08,528.46,0,0,0,1,3,1.93,0,0,0,0,1,0,0.8352,1,High
72,94.69,6350.79,0,1,0,0,5,0.04,1,1,1,1,0,0,0.3319,0,Medium
17,95.84,1774.52,0,2,2,0,3,25.51,0,1,1,0,0,1,0.4034,0,Medium
9,118.98,1021.2,0,1,0,1,0,2.52,0,1,0,2,1,1,0.5839,1,Medium
22,85.51,1973.93,0,0,3,1,6,3.93,0,0,1,2,2,0,0.4073,0,Medium
1,54.81,53.76,2,1,0,1,4,16.44,1,0,0,0,0,0,0.2384,0,Low
26,30.9,812.1,1,1,2,0,4,16.63,0,0,0,2,0,0,0.2863,0,Low
2,38.62,74.3,1,0,0,0,2,9.85,0,1,0,0,1,0,0.342,0,Medium
72,89.06,6397.4,2,1,1,1,0,2.87,0,0,0,0,0,0,0.1219,0,Low
5,100.68,504.45,0,2,3,0,5,5.08,0,1,0,2,2,0,0.4283,0,Medium
51,75.77,4218.59,1,1,1,1,2,2.51,0,1,0,0,2,0,0.0748,0,Low
4,79.98,298.23,1,2,1,0,4,21.41,0,0,0,1,0,0,0.3298,0,Medium
57,58.42,3262.95,2,1,3,0,1,8.54,1,0,0,1,2,0,0.0833,0,Low
72,96.11,7456.66,1,1,2,0,3,2.79,0,0,0,2,0,0,0.1209,0,Low
5,36.65,199.37,0,2,2,0,0,4.58,0,1,0,0,0,1,0.5894,1,Medium
1,67.56,61.21,1,0,2,0,3,7.85,0,1,0,2,0,0,0.2667,0,Low
3,38.09,103.52,0,1,0,1,6,2.56,1,1,0,0,0,1,0.5924,1,Medium
4,21.33,82.38,0,0,2,0,1,7.65,0,1,1,2,2,0,0.4889,0,Medium
72,20.0,1363.86,0,2,0,1,6,5.3,0,0,0,0,0,1,0.3293,0,Medium
15,57.88,883.22,2,1,1,0,2,3.95,0,1,0,0,1,0,0.2499,0,Low
15,81.11,1326.82,0,2,1,0,2,2.85,1,0,1,1,0,0,0.535,1,Medium
1,36.07,36.71,1,1,2,0,3,6.33,0,1,0,2,2,0,0.2014,0,Low
59,74.98,4358.31,0,0,0,0,2,7.07,1,0,0,1,0,0,0.6797,1,High
72,20.0,1525.89,0,0,3,1,1,6.73,1,1,1,0,1,1,0.3115,0,Medium
23,70.12,1635.98,2,0,1,1,2,13.32,0,1,0,1,0,0,0.302,0,Medium
1,85.24,91.43,0,1,2,1,4,1.73,0,1,1,2,0,1,0.4915,0,Medium
10,42.05,445.72,2,2,0,0,0,1.13,1,1,1,1,2,0,0.095,0,Low
1,71.43,70.27,2,2,0,3,1,1.57,0,0,0,0,2,0,0.154,0,Low
39,82.59,3453.26,1,1,2,1,3,6.88,0,1,0,0,2,0,0.0824,0,Low
10,84.95,929.52,0,1,2,1,0,25.27,0,0,0,0,0,1,0.8252,1,High
4,46.83,184.99,0,1,3,1,1,9.41,0,0,0,2,1,0,0.6186,1,High
50,38.62,2030.37,0,2,2,0,4,4.89,1,0,1,1,0,0,0.4223,0,Medium
14,47.85,641.39,2,1,3,1,3,7.56,0,1,1,2,1,0,0.1735,0,Low
21,75.28,1459.48,2,1,3,0,3,18.13,0,1,0,2,1,0,0.2696,0,Low
36,97.95,3465.01,2,1,1,1,3,53.98,0,0,0,0,0,0,0.1486,0,Low
16,61.7,959.35,0,0,0,0,4,0.11,0,1,0,2,0,1,0.5877,1,Medium
47,48.57,2208.02,0,0,2,1,4,0.97,1,1,0,2,2,1,0.3531,0,Medium
14,93.93,1250.0,2,2,0,1,0,20.3,0,0,1,0,0,0,0.1638,0,Low
2,40.08,80.04,1,1,3,0,1,3.1,0,1,1,0,1,0,0.2155,0,Low
2,30.02,56.11,1,1,0,0,2,43.29,0,1,0,1,0,0,0.3068,0,Medium
1,56.51,55.54,0,0,1,1,4,6.24,0,0,1,0,2,1,0.5553,1,Medium
5,50.27,253.9,1,1,2,0,5,16.75,0,1,0,1,0,0,0.3385,0,Medium
72,31.08,2426.42,0,0,2,1,4,5.4,0,1,0,1,0,0,0.3819,0,Medium
11,60.06,718.72,1,0,3,0,2,4.8,0,0,0,0,1,0,0.3109,0,Medium
4,84.87,368.08,1,0,1,1,4,13.0,0,1,0,0,2,0,0.2377,0,Low
2,22.64,48.84,2,1,1,1,1,10.23,1,1,0,1,0,0,0.2178,0,Low
2,74.82,139.39,0,2,2,0,4,2.77,0,1,0,2,1,1,0.3834,0,Medium
1,83.55,79.23,0,0,3,0,3,18.23,0,1,0,2,0,1,0.4648,0,Medium
19,112.47,2094.73,0,1,0,0,0,4.89,0,1,1,2,2,1,0.4501,0,Medium
51,48.47,2484.41,2,0,2,1,5,4.44,0,0,0,2,1,0,0.118,0,Low
35,46.33,1500.19,0,2,0,1,2,1.67,1,1,0,1,0,0,0.3652,0,Medium
37,82.98,3133.25,0,0,3,0,1,23.25,1,1,0,0,0,0,0.3068,0,Medium
33,90.76,2932.09,0,1,3,1,4,6.93,1,1,0,1,2,0,0.3495,0,Medium
12,110.15,1450.73,1,1,3,1,5,16.02,0,0,1,1,0,1,0.4246,0,Medium
42,108.61,4795.79,0,1,2,0,2,1.15,1,1,0,2,2,1,0.3366,0,Medium
40,34.58,1476.03,0,1,2,1,6,5.48,0,1,0,2,2,1,0.2947,0,Low
31,20.0,611.85,2,0,2,0,3,9.68,0,1,0,0,0,0,0.2009,0,Low
72,20.0,1374.45,0,0,1,0,1,0.71,1,0,0,2,2,0,0.2944,0,Low
72,20.0,1583.47,0,1,0,1,4,11.99,0,1,0,2,2,1,0.3174,0,Medium
10,52.03,560.44,0,1,2,3,3,4.85,1,0,0,1,1,1,0.7554,1,High
39,91.0,3754.96,2,1,2,0,5,3.05,1,0,1,1,0,0,0.065,0,Low
28,75.52,1937.41,2,1,0,1,1,4.01,0,1,0,0,2,0,0.0747,0,Low
7,65.3,496.91,2,0,2,0,5,13.89,0,1,0,1,0,1,0.2453,0,Low
27,55.47,1524.45,2,1,2,0,6,34.92,0,0,0,0,2,0,0.1499,0,Low
5,69.17,311.29,0,0,2,0,1,1.6,0,1,0,0,0,0,0.7396,1,High
48,44.94,2157.13,1,0,0,0,2,0.72,0,0,0,1,2,0,0.0932,0,Low
6,95.6,565.15,1,0,1,0,5,18.87,1,0,0,1,0,0,0.4339,0,Medium
50,107.61,5244.4,0,1,3,0,2,4.07,0,0,0,1,2,0,0.4028,0,Medium
33,81.51,2683.4,2,1,0,0,1,8.81,0,1,0,0,2,0,0.0917,0,Low
1,49.73,46.81,0,0,3,1,4,28.22,1,1,0,0,0,1,0.4719,0,Medium
55,72.38,3657.07,2,1,3,1,2,7.11,0,0,0,2,2,0,0.064,0,Low
3,36.42,100.33,1,0,3,0,2,8.84,1,1,0,1,0,0,0.2335,0,Low
5,53.99,275.64,0,0,0,0,3,0.67,0,1,0,2,0,1,0.5929,1,Medium
12,34.39,378.63,0,0,2,2,0,13.7,1,0,1,1,1,0,0.6493,1,High
5,91.53,477.4,0,0,2,1,2,1.3,0,1,1,2,2,1,0.5594,1,Medium
49,76.06,3392.58,0,1,3,0,6,3.94,0,1,1,2,0,0,0.2826,0,Low
7,34.42,226.7,2,1,1,0,5,31.84,0,1,0,0,0,0,0.2246,0,Low
15,56.72,882.78,2,0,2,0,2,7.87,0,1,0,0,2,0,0.1322,0,Low
9,105.92,897.57,2,1,1,0,2,1.7,0,0,1,0,0,1,0.2991,0,Low
29,120.0,3578.27,0,0,1,0,3,2.27,0,0,0,0,0,1,0.7368,1,High
47,22.11,1001.45,0,0,2,1,6,15.36,0,0,1,0,0,0,0.5556,1,Medium
61,110.81,7063.11,1,1,2,1,3,30.2,0,1,0,1,2,0,0.13,0,Low
58,59.79,3748.95,1,1,0,0,4,29.89,0,0,0,0,0,0,0.1979,0,Low
16,98.98,1639.22,2,0,3,0,6,5.53,0,1,1,2,2,0,0.1486,0,Low
8,43.81,362.6,0,1,2,0,1,11.09,0,1,1,2,2,0,0.4508,0,Medium
32,58.28,1980.74,1,2,1,0,3,74.51,0,0,0,0,0,0,0.1398,0,Low
25,99.35,2439.51,0,1,2,1,1,2.11,0,0,1,2,0,0,0.5342,1,Medium
26,104.82,2685.2,1,1,0,0,3,30.93,0,1,0,2,1,0,0.1228,0,Low
25,57.8,1408.15,0,2,1,3,4,5.93,0,0,1,1,0,0,0.4774,0,Medium
32,47.47,1438.87,2,1,0,2,2,5.23,0,1,0,1,0,0,0.2025,0,Low
59,91.35,5779.59,0,1,1,1,1,9.06,0,1,1,0,2,0,0.371,0,Medium
31,73.71,2389.41,0,2,2,1,3,9.19,1,0,0,2,0,1,0.403,0,Medium
45,53.53,2242.97,1,0,1,0,3,11.66,0,1,1,0,0,0,0.1699,0,Low
47,65.85,3131.18,2,0,2,0,1,11.17,0,1,1,2,0,0,0.0596,0,Low
55,108.05,5706.94,1,0,3,2,4,23.23,0,1,0,0,2,0,0.1304,0,Low
20,42.74,897.7,0,0,2,1,3,6.8,0,0,0,1,2,1,0.5413,1,Medium
4,67.1,252.92,1,2,2,1,2,9.26,0,1,0,1,2,0,0.1463,0,Low
2,45.16,83.26,0,0,1,1,3,9.96,0,0,0,1,1,0,0.8622,1,High
6,46.03,286.26,2,1,2,0,2,8.78,0,1,0,0,2,0,0.1536,0,Low
11,52.6,538.31,2,1,2,0,1,1.17,0,0,0,1,0,0,0.3186,0,Medium
8,59.64,442.75,0,2,1,1,3,8.0,0,0,0,0,2,0,0.4986,0,Medium
11,106.2,1240.56,0,0,3,0,3,17.27,0,0,0,2,0,1,0.6322,1,High
17,73.14,1166.04,0,1,2,0,2,8.04,0,1,0,0,0,1,0.7875,1,High
58,45.23,2785.47,0,1,3,1,2,37.74,0,0,0,0,0,1,0.4189,0,Medium
3,63.29,181.93,0,0,3,0,4,13.97,0,0,0,2,1,0,0.6423,1,High
47,67.11,3186.69,2,0,0,0,2,18.56,0,0,0,2,0,0,0.0933,0,Low
17,75.81,1181.55,2,2,3,0,5,1.46,1,0,0,2,2,0,0.1386,0,Low
1,50.53,53.74,0,0,3,1,4,30.32,0,0,0,1,0,0,0.5946,1,Medium
56,77.0,3985.37,0,1,0,0,2,10.58,0,1,0,1,0,0,0.5577,1,Medium
15,44.16,611.75,2,2,2,0,0,19.38,0,0,0,1,2,0,0.1039,0,Low
7,88.47,588.89,1,0,1,0,4,11.05,0,1,0,1,0,0,0.3875,0,Medium
10,54.97,542.67,2,1,1,0,1,14.49,0,0,0,0,1,0,0.3236,0,Medium
5,45.83,218.7,1,1,0,0,5,0.82,0,1,0,2,2,0,0.1455,0,Low
25,85.51,2299.68,1,1,2,0,3,13.46,0,1,0,0,1,0,0.21,0,Low
55,36.09,1811.46,1,2,2,0,3,11.41,1,0,1,0,0,0,0.1523,0,Low
66,74.86,5343.0,0,0,2,0,0,7.08,0,0,0,2,0,0,0.5573,1,Medium
2,28.53,60.81,2,1,0,1,1,8.24,0,0,1,0,2,0,0.1547,0,Low
13,21.14,300.23,2,1,3,1,1,48.93,0,0,0,2,0,0,0.2016,0,Low
72,62.01,4170.22,0,0,2,0,3,7.81,0,1,0,1,2,0,0.3714,0,Medium
38,91.42,3259.03,2,1,0,1,1,28.14,0,1,0,0,1,0,0.1538,0,Low
61,83.22,5570.45,0,1,1,1,4,10.03,0,0,0,2,2,1,0.4973,0,Medium
4,44.35,161.53,0,0,1,0,4,2.92,0,1,0,2,2,0,0.4678,0,Medium
26,38.52,1056.44,0,0,3,1,4,8.49,0,0,0,0,0,0,0.5017,1,Medium
23,55.39,1316.03,0,0,1,1,1,11.79,1,0,0,0,0,1,0.7729,1,High
34,77.01,2495.71,0,2,0,0,2,22.53,0,1,1,2,0,0,0.2639,0,Low
9,58.55,525.74,0,2,2,1,2,22.17,0,0,0,0,1,0,0.5798,1,Medium
18,40.04,651.22,1,0,2,2,4,1.87,0,0,0,1,0,1,0.4151,0,Medium
72,66.41,4866.89,0,1,3,0,2,22.35,0,0,0,2,1,0,0.2991,0,Low
8,32.73,278.52,0,2,2,2,5,24.41,0,0,0,0,2,1,0.51,1,Medium
5,120.0,581.26,2,0,1,1,6,18.73,0,0,0,1,1,1,0.3191,0,Medium
72,55.24,3893.08,1,1,0,1,1,9.18,0,1,1,2,1,0,0.0765,0,Low
61,94.78,5602.64,2,1,2,0,5,20.03,0,0,0,0,0,0,0.1564,0,Low
58,78.51,4945.72,0,1,1,1,5,8.3,1,1,1,2,0,0,0.3309,0,Medium
6,49.28,320.47,0,0,2,0,1,0.76,0,0,1,0,1,0,0.6781,1,High
20,49.71,1013.32,2,2,2,0,2,4.86,0,1,1,0,0,0,0.1359,0,Low
61,27.57,1770.09,1,0,0,1,3,46.77,0,1,1,0,0,0,0.212,0,Low
28,61.78,1646.44,2,1,2,1,2,3.61,0,1,0,1,0,0,0.1624,0,Low
72,44.94,3046.17,1,1,1,0,2,8.7,0,0,0,0,2,0,0.0998,0,Low
13,76.83,940.04,2,1,2,1,2,17.42,0,1,0,0,0,0,0.2953,0,Low
3,51.63,142.94,2,0,2,0,2,3.38,0,0,0,0,2,0,0.1711,0,Low
48,70.04,3410.43,0,2,3,1,7,2.55,0,1,1,1,0,0,0.336,0,Medium
2,71.7,156.77,2,1,2,0,0,1.93,0,0,0,0,2,0,0.2336,0,Low
9,78.02,652.46,0,1,0,3,2,3.04,0,1,0,0,2,1,0.5729,1,Medium
12,80.58,1063.11,0,0,2,0,5,2.1,0,0,0,1,2,1,0.6198,1,High
4,72.15,260.58,0,1,0,0,5,5.45,0,1,0,1,2,1,0.5735,1,Medium
22,67.7,1474.31,1,1,1,1,3,0.8,0,1,0,2,2,0,0.1948,0,Low
35,76.41,2828.99,0,0,0,0,2,10.27,0,0,1,1,2,0,0.283,0,Low
47,78.9,3418.87,1,1,2,2,3,3.41,0,1,0,2,0,0,0.0875,0,Low
7,36.97,236.75,1,2,2,3,2,8.06,1,1,1,2,2,0,0.2628,0,Low
4,55.29,209.65,0,2,2,1,3,1.14,0,1,0,2,2,0,0.4168,0,Medium
2,90.93,180.72,0,2,3,1,5,5.48,0,1,1,2,0,0,0.4426,0,Medium
49,101.7,5181.37,1,0,0,1,4,1.12,0,1,0,0,1,0,0.0889,0,Low
39,82.4,3334.59,2,0,3,0,3,22.35,0,1,0,0,1,0,0.1129,0,Low
72,59.16,4110.47,2,0,1,0,5,3.53,0,1,1,0,2,0,0.0627,0,Low
44,120.0,4947.97,0,1,0,1,2,5.19,0,1,1,2,1,1,0.417,0,Medium
1,94.0,88.52,1,0,1,0,1,0.56,0,0,1,0,0,0,0.3525,0,Medium
28,90.17,2776.23,1,1,2,1,3,2.39,0,1,1,1,0,0,0.1252,0,Low
1,120.0,123.33,0,2,0,1,2,3.5,0,1,0,2,2,1,0.4232,0,Medium
16,29.68,437.87,0,2,3,0,5,8.29,0,1,0,0,0,0,0.4217,0,Medium
52,67.34,3568.77,2,1,0,0,3,3.01,1,1,0,0,2,0,0.0654,0,Low
13,56.3,695.97,0,1,2,0,5,1.97,0,1,1,2,2,1,0.4091,0,Medium
28,116.5,3010.28,0,1,1,0,6,0.03,0,1,0,2,0,0,0.3854,0,Medium
44,37.52,1756.54,0,1,0,0,4,3.1,0,1,0,2,2,0,0.3458,0,Medium
41,69.35,2874.86,2,2,1,0,4,18.65,1,1,0,0,2,0,0.0475,0,Low
4,81.17,326.12,0,0,1,0,3,2.78,0,1,1,0,2,1,0.6131,1,High
11,84.6,874.06,1,1,3,0,4,3.4,0,0,1,0,0,0,0.2977,0,Low
23,50.55,1104.43,1,2,2,0,1,29.98,0,1,1,0,2,0,0.1296,0,Low
9,73.47,609.73,2,0,0,0,2,3.54,0,0,1,2,0,0,0.1581,0,Low
32,53.62,1828.11,0,2,2,0,2,4.05,0,0,1,0,2,0,0.2663,0,Low
15,48.93,800.69,1,1,1,1,4,0.64,0,1,0,0,1,0,0.2863,0,Low
2,69.62,137.6,0,0,1,0,1,16.05,1,0,0,0,1,0,0.7521,1,High
24,107.68,2543.4,2,1,3,1,1,3.29,0,0,0,2,0,0,0.2529,0,Low
5,45.52,240.44,0,0,3,1,2,24.92,0,1,0,0,0,0,0.5604,1,Medium
35,58.17,1951.42,0,1,2,0,6,14.81,0,1,0,1,0,0,0.4958,0,Medium
11,87.13,1024.45,1,0,2,0,3,12.86,0,0,0,0,0,0,0.6554,1,High
1,47.83,44.5,1,1,2,0,1,3.76,0,0,0,0,1,0,0.4038,0,Medium
72,51.82,3859.79,1,0,0,1,1,10.25,0,1,0,2,0,0,0.0738,0,Low
11,55.77,574.78,0,0,0,1,2,0.12,0,1,0,0,0,0,0.707,1,High
1,62.83,57.98,0,0,2,0,2,1.33,1,1,0,0,0,0,0.6319,1,High
6,88.65,559.59,0,0,0,1,1,2.51,0,0,0,1,2,1,0.6159,1,High
11,56.83,674.27,2,1,2,0,3,22.43,0,1,0,1,0,0,0.2693,0,Low
21,21.43,405.27,2,1,1,2,2,14.74,0,1,1,2,0,1,0.2112,0,Low
12,74.74,833.26,2,2,2,0,3,2.68,0,0,0,2,2,0,0.1206,0,Low
6,69.19,425.8,0,1,1,0,5,20.08,0,1,0,0,0,0,0.7451,1,High
36,86.82,2867.64,0,1,2,0,6,11.85,0,1,0,2,0,0,0.378,0,Medium
63,77.63,4535.07,0,2,0,0,3,41.12,1,0,1,0,0,0,0.32,0,Medium
40,70.04,2640.01,0,1,3,0,3,3.12,0,0,1,0,2,1,0.2552,0,Low
16,41.87,703.37,0,0,3,0,3,15.9,0,0,0,1,0,1,0.6411,1,High
72,76.58,5019.5,0,0,3,0,4,11.02,1,0,0,0,2,0,0.2914,0,Low
7,63.55,466.55,1,0,1,1,4,0.2,0,1,1,2,0,0,0.2258,0,Low
4,20.0,78.98,0,2,2,0,2,16.89,1,0,0,1,2,0,0.5376,1,Medium
38,61.04,2261.34,0,0,3,1,1,1.9,1,0,0,2,0,0,0.4182,0,Medium
22,67.3,1485.88,0,1,3,1,1,6.78,0,1,0,0,2,1,0.5538,1,Medium
12,76.98,881.55,0,0,1,0,5,11.07,1,1,0,0,0,1,0.6935,1,High
23,36.96,927.46,0,2,2,0,3,12.72,0,0,0,0,2,0,0.5066,1,Medium
16,67.69,1042.74,0,0,2,1,2,9.69,0,0,0,1,2,0,0.6244,1,High
72,58.68,3815.12,0,1,0,0,3,1.72,0,1,0,2,1,0,0.3384,0,Medium
2,75.72,164.24,0,0,0,1,4,5.64,0,1,0,0,0,0,0.7646,1,High
2,64.19,140.84,0,0,2,1,1,1.22,0,0,0,1,0,0,0.8584,1,High
1,86.82,79.48,0,0,3,0,1,1.29,0,0,0,0,1,1,0.6802,1,High
16,120.0,1909.25,1,0,1,1,3,0.54,0,0,1,1,0,0,0.4172,0,Medium
31,99.2,3253.03,0,2,0,0,3,15.28,0,1,0,0,0,1,0.526,1,Medium
2,63.57,137.05,1,1,0,0,3,7.21,1,1,1,0,2,0,0.182,0,Low
41,45.86,1935.44,2,2,0,0,2,1.28,0,0,0,0,1,0,0.1116,0,Low
4,56.55,236.71,1,0,1,0,2,7.39,0,1,0,2,1,0,0.2532,0,Low
14,28.91,434.16,1,2,0,0,0,19.44,0,1,1,0,1,0,0.1309,0,Low
41,70.35,3052.71,1,1,0,0,5,8.09,1,0,0,1,1,0,0.1332,0,Low
2,79.61,171.03,2,0,2,0,3,0.59,1,0,1,2,2,0,0.2089,0,Low
65,36.16,2542.74,2,1,0,1,5,5.88,0,1,0,0,0,0,0.1496,0,Low
42,76.76,3185.2,2,1,0,0,2,5.11,0,0,0,1,2,0,0.0676,0,Low
64,116.11,7660.64,0,2,0,0,5,4.01,0,1,0,2,1,1,0.4804,0,Medium
72,50.5,3986.51,1,1,0,1,4,6.57,0,0,0,2,0,0,0.1004,0,Low
43,20.0,785.92,1,0,2,0,2,15.71,0,1,0,2,0,0,0.1639,0,Low
11,51.19,524.13,0,0,2,1,3,11.22,0,0,1,0,0,0,0.718,1,High
4,83.27,357.14,1,0,0,0,3,5.49,1,1,0,2,0,0,0.2283,0,Low
25,60.6,1629.77,0,0,0,0,1,10.09,1,1,0,2,2,0,0.3673,0,Medium
2,88.81,177.85,2,1,2,0,6,18.08,0,1,0,2,0,0,0.1929,0,Low
72,120.0,7778.98,0,0,2,1,2,6.08,1,1,0,2,2,0,0.2798,0,Low
17,40.83,667.19,0,0,2,1,5,10.8,0,1,0,0,2,0,0.5229,1,Medium
24,82.54,2083.9,0,2,1,0,2,5.62,1,0,0,2,0,1,0.4496,0,Medium
25,77.0,2036.58,1,0,0,0,1,5.96,0,1,0,0,1,0,0.177,0,Low
44,52.06,2209.37,0,2,0,0,4,11.78,0,1,1,0,2,1,0.2302,0,Low
2,20.0,43.11,1,1,2,0,4,4.15,0,0,1,0,2,1,0.2299,0,Low
49,76.1,3513.51,1,2,2,0,7,10.07,0,1,0,1,2,0,0.0763,0,Low
13,117.12,1628.21,0,1,3,0,2,8.38,0,0,1,1,0,1,0.659,1,High
31,38.06,1088.03,2,0,1,0,2,31.4,0,0,1,1,2,0,0.109,0,Low
13,89.4,1272.83,1,0,2,1,4,14.63,0,0,0,0,1,1,0.5549,1,Medium
72,83.28,5652.8,0,2,0,0,4,0.01,1,0,0,0,2,0,0.3969,0,Medium
49,84.95,4025.97,1,1,0,0,3,20.65,0,0,1,1,2,0,0.076,0,Low
47,71.92,3249.85,1,1,3,1,7,10.6,0,1,1,0,2,0,0.0775,0,Low
24,61.54,1559.28,0,1,0,2,1,0.41,0,1,1,0,1,0,0.6361,1,High
14,60.41,827.86,1,1,1,0,0,7.46,0,0,1,0,1,0,0.3133,0,Medium
41,71.61,3222.41,0,0,1,1,2,10.97,0,0,0,2,2,0,0.3455,0,Medium
35,46.1,1513.72,0,1,0,0,0,19.62,0,1,0,2,0,0,0.4437,0,Medium
5,75.7,349.35,0,2,0,0,4,3.14,0,1,0,2,1,0,0.3628,0,Medium
56,54.63,3210.78,0,0,2,0,2,3.18,0,0,1,1,1,0,0.4142,0,Medium
72,100.89,6817.66,1,2,0,0,1,12.53,0,0,0,0,2,0,0.11,0,Low
40,23.57,886.35,0,1,1,1,4,2.95,1,0,0,2,0,0,0.5837,1,Medium
72,83.3,5844.32,1,1,0,0,4,0.55,0,0,0,2,1,0,0.1571,0,Low
72,20.0,1505.45,2,0,3,1,3,2.28,1,1,0,0,0,0,0.1228,0,Low
3,110.14,301.39,1,1,2,0,3,13.27,0,0,0,0,1,1,0.5074,1,Medium
3,67.84,214.61,0,1,1,2,2,23.44,0,0,1,0,2,0,0.6125,1,High
6,83.87,472.11,2,0,2,0,5,4.72,0,1,1,2,1,0,0.1883,0,Low
20,72.46,1356.78,1,1,1,0,5,1.62,0,0,0,0,0,1,0.46,0,Medium
11,46.46,556.61,2,0,2,0,4,5.05,0,1,0,0,0,0,0.2691,0,Low
28,86.31,2336.53,2,2,0,0,8,4.83,1,1,1,0,0,0,0.1279,0,Low
20,54.21,1145.16,0,1,0,0,2,2.5,0,1,0,2,1,0,0.6047,1,High
12,91.45,999.82,0,0,1,1,2,1.59,1,1,1,0,0,1,0.5551,1,Medium
51,97.86,5200.91,2,0,1,0,0,2.39,0,0,0,2,0,0,0.0831,0,Low
27,67.68,1966.75,0,1,1,0,4,6.25,1,0,0,1,2,0,0.4341,0,Medium
8,71.4,589.73,2,2,2,0,1,2.23,0,1,0,0,1,0,0.1686,0,Low
20,40.84,846.14,2,0,2,1,2,7.21,0,0,1,1,0,0,0.2123,0,Low
10,106.99,1055.54,2,0,1,1,5,11.9,0,1,0,0,2,0,0.204,0,Low
1,84.54,92.71,0,1,2,0,4,1.72,1,1,1,2,0,1,0.4635,0,Medium
18,48.77,872.61,0,1,2,0,2,29.91,0,1,0,1,1,0,0.7195,1,High
1,62.91,62.69,2,1,1,0,5,6.67,0,1,0,1,0,0,0.2236,0,Low
4,46.7,171.25,1,2,2,0,1,25.24,0,0,0,1,1,0,0.345,0,Medium
10,98.77,909.01,1,1,3,0,5,2.08,0,1,1,0,0,0,0.2518,0,Low
10,35.49,368.32,0,1,0,0,0,3.36,0,0,0,0,0,1,0.8644,1,High
41,88.0,3686.45,0,1,1,0,3,31.31,0,0,1,2,0,1,0.3751,0,Medium
12,74.34,872.14,1,1,3,1,4,14.38,0,1,0,0,1,0,0.322,0,Medium
19,50.22,881.96,0,1,3,1,3,3.84,0,1,0,0,1,0,0.6493,1,High
52,20.0,956.02,0,2,3,0,2,4.76,0,1,1,2,0,0,0.2627,0,Low
9,28.06,254.95,0,0,3,1,4,4.71,1,0,0,2,0,0,0.419,0,Medium
21,104.31,2228.35,0,2,2,2,1,7.96,0,0,0,0,2,1,0.4632,0,Medium
40,55.46,2356.63,0,1,2,1,2,18.44,1,0,0,2,0,0,0.5578,1,Medium
11,79.81,808.26,2,0,1,0,7,32.64,1,0,0,0,0,0,0.2372,0,Low
10,68.27,659.97,1,1,3,0,2,13.55,0,1,0,2,0,0,0.2762,0,Low
1,86.42,94.79,0,1,1,0,3,32.46,0,0,1,2,0,1,0.56,1,Medium
72,32.67,2523.86,0,0,0,0,4,41.35,0,1,0,2,2,0,0.291,0,Low
1,55.96,58.27,2,1,2,1,2,4.95,0,1,0,0,0,0,0.2528,0,Low
60,61.99,3831.12,0,1,1,0,0,13.39,0,1,0,1,1,0,0.536,1,Medium
4,58.58,223.94,0,0,0,1,2,2.41,1,0,0,0,0,1,0.7198,1,High
37,49.3,1991.33,1,1,0,1,3,5.39,0,1,1,0,2,0,0.0907,0,Low
1,84.11,82.99,1,1,1,1,3,8.29,0,0,0,1,2,0,0.2862,0,Low
72,20.0,1404.05,1,1,3,1,9,3.87,0,0,0,0,0,0,0.1583,0,Low
1,50.18,49.46,0,2,0,0,6,19.47,0,1,0,0,0,1,0.569,1,Medium
7,60.32,457.27,0,1,3,1,4,6.38,0,0,0,2,0,0,0.6785,1,High
3,70.9,193.05,0,0,2,0,3,5.89,0,1,0,0,0,1,0.795,1,High
30,80.66,2634.87,1,0,1,2,3,8.62,0,0,0,0,0,0,0.2289,0,Low
24,96.78,2188.61,2,0,2,1,1,0.28,0,1,0,0,1,0,0.2243,0,Low
1,31.67,33.44,1,1,3,0,2,2.54,1,1,0,2,0,0,0.2021,0,Low
22,52.55,1066.57,0,0,2,0,2,15.57,0,0,1,0,1,0,0.7352,1,High
24,30.61,761.06,1,1,1,0,6,20.85,0,0,0,0,1,0,0.3653,0,Medium
11,89.06,997.96,0,1,1,0,5,9.54,0,1,1,0,0,0,0.6504,1,High
49,43.23,2034.79,0,2,0,1,1,0.67,0,1,0,0,0,0,0.356,0,Medium
27,72.63,1996.14,0,1,0,0,4,5.14,0,0,1,1,2,1,0.3389,0,Medium
5,83.74,449.73,0,1,3,1,2,7.4,0,1,0,1,2,1,0.6281,1,High
19,40.16,713.02,0,1,2,0,2,3.8,0,1,0,2,2,1,0.3762,0,Medium
42,45.67,1877.53,0,0,1,2,2,1.28,0,0,1,0,1,0,0.5,1,Medium
72,52.52,3995.57,0,1,1,0,5,4.82,0,1,0,0,0,0,0.3452,0,Medium
72,95.76,6532.88,2,1,2,1,3,2.54,0,0,0,0,0,0,0.1473,0,Low
51,24.15,1138.52,0,0,1,1,0,13.04,1,0,0,1,0,0,0.7239,1,High
68,63.57,4293.6,2,1,3,2,3,3.22,0,1,0,2,0,0,0.1021,0,Low
5,38.59,194.42,1,1,2,0,1,5.66,1,0,1,2,0,0,0.2404,0,Low
18,76.52,1437.75,0,1,2,0,4,2.92,0,0,0,0,2,0,0.65,1,High
49,20.0,1066.29,1,0,2,0,2,10.81,0,1,1,0,2,0,0.1151,0,Low
24,54.41,1330.73,0,1,2,1,3,25.26,0,1,0,1,1,1,0.7204,1,High
6,31.6,196.95,0,1,3,0,3,19.8,0,1,0,1,0,1,0.5556,1,Medium
32,47.33,1384.05,0,0,1,1,4,3.2,0,0,0,1,0,0,0.7441,1,High
32,61.9,2062.84,0,2,2,0,6,3.66,0,1,0,2,0,1,0.3382,0,Medium
72,30.02,2332.11,1,0,2,0,3,11.07,0,1,1,0,0,0,0.146,0,Low
72,55.92,3964.94,1,0,2,1,1,0.55,1,1,0,0,2,0,0.0464,0,Low
8,86.95,667.74,0,1,0,1,4,3.73,1,0,1,2,2,1,0.4742,0,Medium
18,85.93,1487.51,1,0,2,0,3,3.93,0,1,0,1,1,1,0.4164,0,Medium
51,106.32,5780.3,0,1,3,0,1,10.18,0,0,0,1,2,1,0.4,0,Medium
11,68.64,762.99,0,0,0,0,8,34.58,1,1,0,0,0,0,0.6062,1,High
72,53.03,4053.72,2,0,3,1,5,18.36,0,0,0,2,0,0,0.0633,0,Low
22,59.36,1398.59,0,1,2,1,0,4.9,0,0,0,0,0,1,0.8598,1,High
39,115.56,4729.15,2,0,1,1,2,3.87,0,0,0,0,0,0,0.1395,0,Low
65,57.48,4090.89,0,1,0,1,3,0.03,0,1,0,1,0,1,0.4883,0,Medium
8,67.93,579.41,0,0,0,0,0,29.35,1,1,1,2,0,1,0.4188,0,Medium
41,34.78,1326.05,0,2,2,2,1,9.06,1,1,0,2,2,1,0.4157,0,Medium
72,57.03,4237.43,1,1,3,1,1,0.85,0,1,0,1,0,0,0.1008,0,Low
15,71.24,1100.32,1,0,0,0,2,8.96,0,1,1,2,0,0,0.2093,0,Low
10,68.31,688.35,2,0,3,0,3,1.27,0,1,1,0,2,0,0.0902,0,Low
11,20.0,211.51,1,1,2,1,3,0.89,0,1,0,1,1,1,0.2659,0,Low
45,21.38,903.61,2,1,1,1,6,1.59,0,0,0,1,0,0,0.2029,0,Low
19,67.32,1376.45,0,0,0,0,2,25.53,0,1,0,0,0,0,0.7135,1,High
14,85.47,1095.4,1,1,0,0,3,23.82,0,1,0,0,2,0,0.2271,0,Low
35,65.46,2312.16,0,2,0,0,6,35.33,0,1,0,0,2,0,0.2818,0,Low
39,53.79,2099.82,0,2,1,0,2,2.68,0,1,0,0,1,0,0.4198,0,Medium
3,87.76,255.97,2,0,2,0,4,6.0,0,0,0,1,0,0,0.335,0,Medium
11,103.22,1170.86,1,0,2,1,2,11.51,0,1,1,0,0,0,0.359,0,Medium
72,73.02,5536.53,2,0,1,1,1,28.18,0,0,0,0,1,0,0.1486,0,Low
10,46.13,480.19,0,1,3,0,3,16.26,0,0,0,0,2,0,0.4872,0,Medium
1,72.64,76.43,0,0,2,0,3,0.8,0,1,0,2,1,0,0.5842,1,Medium
6,62.68,361.97,0,1,1,1,1,3.68,0,0,0,0,0,1,0.8666,1,High
50,41.79,1935.83,1,1,1,0,0,3.8,1,0,0,2,0,0,0.1964,0,Low
21,96.66,2166.35,0,2,3,1,4,14.66,0,0,0,2,0,1,0.4573,0,Medium
19,27.97,559.56,0,1,2,1,2,2.07,0,1,1,1,1,1,0.5526,1,Medium
33,64.65,2245.45,0,2,3,0,3,2.71,0,0,1,2,2,0,0.2811,0,Low
2,49.86,94.22,2,0,0,1,4,2.77,0,0,1,0,1,0,0.1964,0,Low
16,49.09,817.17,0,1,2,0,2,1.0,0,0,0,1,0,0,0.8428,1,High
58,35.9,1902.94,1,0,1,0,1,14.17,1,1,0,2,0,0,0.1369,0,Low
1,38.1,39.09,1,0,2,2,4,12.87,0,1,1,2,1,0,0.3158,0,Medium
51,103.56,5006.5,1,0,2,1,3,0.54,0,0,0,1,0,0,0.1483,0,Low
4,47.62,179.46,0,1,1,1,3,0.38,0,1,1,2,0,0,0.5151,1,Medium
18,88.57,1651.03,0,0,3,1,2,7.97,0,0,0,0,0,1,0.7078,1,High
72,59.11,4521.31,1,0,0,0,1,25.67,0,1,0,0,0,0,0.131,0,Low
31,35.58,1019.07,0,1,2,0,1,2.25,0,1,0,1,1,1,0.5858,1,Medium
1,108.28,100.27,1,1,1,0,4,13.53,0,1,0,1,2,0,0.2799,0,Low
18,40.63,729.5,0,1,2,1,10,26.83,0,0,0,0,0,0,0.7403,1,High
23,88.83,2220.84,2,2,1,0,5,11.46,0,0,0,0,0,0,0.1949,0,Low
8,58.66,477.64,0,2,1,0,1,10.95,0,0,0,0,1,1,0.6344,1,High
54,107.6,5613.34,0,1,0,0,4,3.87,0,1,0,2,0,0,0.4817,0,Medium
23,31.81,664.9,1,1,1,0,4,0.47,1,1,1,0,1,0,0.1509,0,Low
13,49.6,693.28,0,2,2,0,3,12.76,1,1,1,2,2,0,0.3616,0,Medium
23,44.56,1069.68,0,1,3,0,2,3.47,0,1,0,2,1,0,0.5162,1,Medium
15,45.96,660.75,0,1,0,1,4,3.93,0,1,1,2,0,1,0.495,0,Medium
4,20.0,82.16,0,2,0,1,4,15.6,0,0,1,0,2,1,0.4666,0,Medium
25,74.32,1888.75,1,2,3,1,3,13.08,0,1,0,2,0,0,0.0961,0,Low
5,71.47,391.54,1,0,2,1,4,1.15,0,1,1,2,0,0,0.2374,0,Low
10,82.87,795.23,2,1,1,1,4,5.13,0,1,0,0,1,1,0.2633,0,Low
32,109.97,3279.97,0,1,2,0,3,11.11,0,0,0,0,1,0,0.7511,1,High
16,87.06,1507.48,2,1,2,0,1,7.58,0,0,1,0,0,0,0.395,0,Medium
19,60.39,1241.43,0,1,3,0,4,30.82,0,0,0,0,2,1,0.5615,1,Medium
26,82.73,2143.92,0,1,1,1,5,7.05,1,0,0,0,1,0,0.6005,1,High
13,39.41,464.35,0,1,2,0,2,16.52,0,1,0,0,0,1,0.7811,1,High
71,82.52,5390.29,0,0,3,2,2,5.75,0,0,0,0,2,1,0.4377,0,Medium
28,38.65,1095.36,2,1,3,2,4,7.04,1,1,0,1,0,0,0.1665,0,Low
33,57.8,1773.68,0,0,0,0,5,22.58,0,0,1,0,2,0,0.3123,0,Medium
5,84.5,455.21,0,1,2,0,1,14.8,0,0,0,1,1,1,0.884,1,High
72,54.1,4025.29,2,0,2,1,5,10.06,0,0,0,2,2,1,0.0613,0,Low
72,75.91,5231.91,2,2,2,1,1,7.42,1,0,0,2,0,0,0.0669,0,Low
2,62.13,112.82,0,0,2,0,2,2.8,0,1,1,0,0,1,0.6049,1,High
1,83.11,82.46,1,0,2,1,6,7.8,0,1,0,2,2,0,0.2117,0,Low
71,78.27,5464.72,0,2,2,0,2,0.07,0,1,0,0,2,0,0.3523,0,Medium
62,81.97,5141.5,0,1,3,0,1,11.18,0,0,0,2,2,0,0.4018,0,Medium
26,59.19,1402.99,1,2,3,2,2,13.46,0,1,0,1,0,0,0.2164,0,Low
4,56.23,241.22,1,2,1,2,0,0.93,0,1,0,0,2,1,0.2268,0,Low
16,85.94,1470.71,0,0,0,0,4,2.3,0,1,0,0,2,0,0.6153,1,High
4,57.18,227.19,2,1,2,0,4,24.72,0,0,1,2,2,0,0.1816,0,Low
3,75.24,209.34,2,1,1,1,3,0.5,0,1,0,1,2,0,0.147,0,Low
30,86.68,2772.76,0,2,3,0,0,4.38,1,0,0,2,2,1,0.2691,0,Low
2,56.96,104.45,0,1,2,0,0,6.78,1,0,1,0,0,0,0.6897,1,High
35,65.66,2518.28,1,0,2,0,6,16.3,0,1,0,0,2,0,0.0733,0,Low
28,60.6,1630.53,0,0,1,0,4,11.74,0,0,0,1,1,0,0.7805,1,High
33,68.23,2470.15,0,1,2,1,0,6.21,0,1,1,0,2,0,0.3326,0,Medium
9,25.88,223.84,1,1,3,1,1,3.79,1,0,0,0,1,0,0.2342,0,Low
3,86.79,279.83,2,1,2,1,2,2.15,0,0,0,0,1,0,0.344,0,Medium
1,68.97,75.36,0,1,0,0,6,20.94,0,1,0,0,0,1,0.7369,1,High
29,81.91,2189.47,2,1,3,0,4,0.7,0,1,0,1,0,0,0.1191,0,Low
66,92.24,6593.86,0,1,2,0,4,4.52,0,0,0,0,1,1,0.7302,1,High
1,31.98,33.14,0,1,0,0,3,14.82,0,0,0,2,0,1,0.7175,1,High
3,94.27,264.85,1,1,2,0,1,10.08,0,0,0,0,0,0,0.5394,1,Medium
6,56.88,331.71,2,1,2,0,3,13.09,1,1,1,2,1,0,0.1896,0,Low
15,38.6,551.32,1,1,3,0,0,4.27,0,1,0,2,0,1,0.2187,0,Low
1,68.15,67.28,2,0,3,0,4,6.49,0,0,0,0,0,0,0.196,0,Low
4,111.23,453.27,2,2,2,0,5,4.37,1,1,0,2,0,0,0.2792,0,Low
57,20.0,1204.18,0,2,1,0,1,10.37,0,0,0,2,0,0,0.4076,0,Medium
72,40.33,2894.46,2,1,0,0,3,3.88,0,0,0,0,0,0,0.168,0,Low
30,20.0,601.36,0,0,0,2,4,9.04,0,0,0,1,1,1,0.6293,1,High
5,73.78,335.63,2,1,0,1,2,4.12,0,0,0,0,2,0,0.1419,0,Low
29,68.23,1847.96,1,2,3,0,4,33.21,0,1,1,0,2,0,0.0804,0,Low
16,33.14,499.09,1,0,2,0,3,5.18,0,0,0,0,2,0,0.1667,0,Low
1,107.08,105.27,0,1,2,0,5,27.03,0,0,0,2,0,1,0.6793,1,High
7,82.57,522.4,0,0,2,1,4,2.32,0,1,1,1,2,1,0.6028,1,High
49,85.91,4470.06,0,2,2,1,4,3.71,1,0,0,2,1,1,0.5037,1,Medium
72,44.75,3076.12,0,2,1,1,3,16.65,0,0,1,0,2,0,0.2774,0,Low
31,46.91,1408.27,0,2,2,0,1,21.39,0,0,0,2,2,1,0.3288,0,Medium
19,94.16,1650.86,2,0,2,1,3,19.06,0,1,1,1,2,0,0.1746,0,Low
32,51.29,1799.47,0,1,2,1,3,0.22,0,0,0,0,0,1,0.6746,1,High
32,55.07,1902.16,1,0,3,2,2,6.71,0,0,0,1,0,0,0.1519,0,Low
56,60.05,3601.89,0,2,0,1,6,6.66,0,1,0,2,2,1,0.2722,0,Low
72,120.0,9149.12,0,1,1,0,2,8.95,1,1,1,0,0,0,0.3723,0,Medium
59,95.72,5846.12,0,1,2,1,2,9.64,0,1,0,2,2,0,0.3742,0,Medium
38,71.81,2635.34,2,1,2,1,3,0.81,0,1,0,0,1,0,0.124,0,Low
36,30.2,1042.08,0,2,2,0,3,0.1,0,1,0,1,0,1,0.4074,0,Medium
72,49.11,3866.77,2,0,3,1,1,21.29,0,1,0,1,2,0,0.06,0,Low
33,91.02,3217.71,2,1,1,2,4,0.46,1,0,0,1,1,1,0.1125,0,Low
22,43.66,931.9,1,2,2,0,0,5.58,0,0,0,0,2,0,0.147,0,Low
32,64.0,2214.89,0,1,2,0,2,1.05,0,1,1,2,1,0,0.3641,0,Medium
13,120.0,1429.73,2,2,1,1,6,6.53,0,1,0,1,0,0,0.2295,0,Low
6,20.0,123.46,1,0,0,0,3,21.82,0,0,1,0,2,0,0.2019,0,Low
8,54.56,466.89,2,1,1,2,1,4.41,0,1,1,0,0,0,0.2167,0,Low
72,73.17,5102.49,0,2,2,1,2,3.07,1,1,0,1,1,0,0.3394,0,Medium
17,60.16,1111.83,1,1,2,1,6,3.84,0,1,1,1,0,0,0.2596,0,Low
1,88.4,83.51,0,0,1,0,2,4.88,0,0,0,2,0,0,0.7676,1,High
72,80.2,5766.21,2,0,1,0,2,17.22,0,1,0,0,0,0,0.1337,0,Low
8,66.64,537.13,0,2,0,0,3,5.55,0,0,0,2,0,0,0.509,1,Medium
31,89.75,2722.81,0,0,3,1,4,2.14,0,0,0,0,2,0,0.395,0,Medium
63,61.0,3780.32,1,1,2,0,2,20.44,0,0,1,2,2,0,0.061,0,Low
31,107.44,3381.12,1,1,3,0,1,22.48,0,1,1,0,0,0,0.13,0,Low
13,90.27,1173.56,0,1,3,1,4,21.27,1,1,0,2,0,0,0.4499,0,Medium
14,30.26,440.45,0,2,3,1,3,0.23,0,1,1,0,0,0,0.4322,0,Medium
1,89.45,97.27,1,1,2,0,5,56.69,0,0,0,2,2,0,0.3414,0,Medium
40,61.09,2575.49,0,1,3,1,2,6.73,0,0,1,2,2,0,0.2859,0,Low
2,39.31,74.13,0,2,1,1,3,13.72,0,0,0,0,2,0,0.5251,1,Medium
1,70.13,73.15,1,2,2,1,4,10.99,1,0,1,2,2,0,0.1856,0,Low
2,76.53,153.1,2,1,1,0,6,13.56,0,0,1,2,0,0,0.1966,0,Low
59,53.34,2909.7,2,0,1,0,1,4.11,0,0,1,1,0,0,0.0804,0,Low
18,71.91,1173.66,0,0,2,0,3,19.4,0,1,1,0,0,0,0.5859,1,Medium
15,105.75,1628.17,2,0,3,1,3,28.86,0,1,1,0,2,0,0.2094,0,Low
1,47.54,47.2,2,2,3,1,2,2.65,0,0,0,2,2,0,0.0991,0,Low
17,78.26,1253.75,0,1,2,0,2,4.24,0,1,0,2,1,0,0.5932,1,Medium
7,49.72,352.59,2,1,1,1,1,12.56,0,0,0,0,2,0,0.1845,0,Low
16,93.19,1494.74,0,0,0,0,5,23.33,0,1,0,1,0,1,0.7455,1,High
1,65.84,70.75,1,0,3,0,4,26.59,1,0,1,0,2,0,0.2092,0,Low
14,49.81,687.86,2,1,2,0,4,6.85,1,1,1,1,1,0,0.1715,0,Low
7,20.0,140.11,0,2,2,1,3,8.51,0,0,0,0,0,1,0.6308,1,High
47,88.85,4538.09,1,1,1,0,3,4.15,0,1,0,0,1,0,0.123,0,Low
22,29.83,605.1,1,1,2,0,6,3.7,0,0,0,1,1,0,0.3417,0,Medium
72,48.68,3438.81,0,1,2,1,2,0.97,0,1,0,0,2,0,0.2859,0,Low
1,93.92,101.33,2,0,3,0,2,2.0,0,0,0,2,0,0,0.2469,0,Low
5,92.19,463.54,0,1,0,0,2,8.59,0,1,1,1,0,0,0.6587,1,High
25,64.02,1611.94,0,2,1,1,4,1.04,0,1,0,2,2,0,0.3725,0,Medium
18,72.78,1426.93,0,2,2,0,2,9.9,0,0,1,0,0,1,0.5759,1,Medium
24,20.0,462.09,1,1,2,1,2,4.1,0,0,1,0,0,1,0.2547,0,Low
3,120.0,359.99,0,1,0,0,2,11.33,1,0,0,2,2,0,0.5203,1,Medium
14,93.12,1194.39,0,0,3,0,2,5.54,0,1,1,1,0,0,0.4982,0,Medium
16,97.3,1573.25,0,1,1,0,4,37.54,0,0,1,2,1,0,0.5018,1,Medium
4,84.22,361.92,1,1,2,1,0,4.98,0,1,0,0,1,0,0.3322,0,Medium
12,78.61,852.31,0,1,2,1,1,0.67,0,1,0,0,1,1,0.7479,1,High
30,103.0,3201.03,0,1,0,0,4,5.99,1,0,0,0,0,0,0.661,1,High
3,58.13,183.04,0,2,2,0,2,12.96,0,0,0,1,1,1,0.6642,1,High
42,78.32,2971.57,0,0,3,0,4,21.82,0,0,1,2,0,0,0.4092,0,Medium
35,20.52,648.69,0,0,2,1,4,1.45,0,1,1,0,2,1,0.2765,0,Low
1,73.31,67.05,2,0,3,1,2,0.41,0,1,1,1,0,0,0.1285,0,Low
72,20.0,1470.54,2,0,0,0,2,1.13,0,1,0,2,1,0,0.1303,0,Low
13,97.75,1213.64,1,0,1,0,3,4.31,0,0,1,0,2,0,0.3216,0,Medium
7,46.6,341.59,2,1,0,1,2,35.14,0,0,0,2,0,0,0.2325,0,Low
72,29.59,2119.48,2,0,1,0,2,8.08,0,0,0,0,2,0,0.1105,0,Low
6,29.78,173.03,0,1,2,1,2,25.57,0,0,0,0,0,0,0.8096,1,High
23,20.0,471.28,2,2,0,2,2,11.96,0,1,0,0,0,0,0.2767,0,Low
26,63.47,1618.82,0,0,3,0,4,8.21,0,0,0,1,1,0,0.533,1,Medium
71,77.32,5664.59,0,0,1,0,4,8.79,0,1,0,0,0,0,0.507,1,Medium
37,37.3,1357.23,0,1,1,0,1,6.72,0,1,0,0,1,0,0.6258,1,High
10,92.92,995.96,0,0,0,1,1,3.87,0,0,0,0,1,1,0.8772,1,High
19,82.59,1687.4,0,2,2,2,2,2.32,0,1,0,0,1,1,0.5781,1,Medium
3,40.55,109.67,0,1,0,0,6,7.47,0,0,1,2,1,0,0.5381,1,Medium
13,99.8,1421.22,2,0,0,2,2,22.45,1,0,0,1,2,0,0.2003,0,Low
1,84.26,82.17,0,1,3,2,5,4.19,0,1,0,2,1,1,0.4951,0,Medium
30,50.08,1503.7,0,1,2,0,1,7.76,0,0,0,0,0,1,0.7637,1,High
52,101.17,4779.49,1,2,3,1,1,44.42,0,0,0,0,0,0,0.0868,0,Low
60,47.82,3073.56,0,2,2,1,4,2.09,0,0,0,1,0,0,0.4805,0,Medium
16,94.28,1502.05,0,1,2,2,3,6.62,1,1,0,0,0,1,0.7274,1,High
4,36.15,139.89,1,1,0,0,1,14.2,0,1,1,2,0,0,0.215,0,Low
14,77.92,1043.23,0,1,3,1,3,4.06,0,1,0,0,0,1,0.6407,1,High
27,98.62,2624.16,0,1,1,0,2,3.65,0,1,0,2,0,0,0.4873,0,Medium
1,56.97,58.19,0,0,0,1,0,1.58,0,0,0,1,0,1,0.8564,1,High
11,120.0,1245.15,0,1,2,1,3,5.07,0,1,0,0,2,0,0.6371,1,High
21,49.34,1070.12,2,0,2,0,4,22.94,0,0,0,0,0,0,0.3352,0,Medium
51,57.51,3032.55,2,1,1,0,1,31.81,0,1,0,2,0,0,0.0676,0,Low
1,88.97,95.09,1,1,3,2,3,2.1,0,1,1,1,2,1,0.2628,0,Low
34,56.35,1858.28,0,0,0,0,6,21.37,0,1,1,0,2,1,0.2185,0,Low
3,31.67,97.66,1,2,0,0,4,6.54,0,0,0,0,0,0,0.3304,0,Medium
28,73.69,1969.98,0,2,3,0,2,15.67,0,1,0,0,0,0,0.3241,0,Medium
43,67.77,2723.93,0,1,2,0,2,5.41,0,1,0,2,1,0,0.4136,0,Medium
1,41.45,43.38,2,2,3,1,2,21.53,0,1,0,0,0,0,0.1666,0,Low
1,60.24,65.0,0,1,2,0,2,6.04,0,1,0,0,2,1,0.6541,1,High
50,73.54,3961.34,1,0,2,1,6,0.89,0,1,0,1,0,0,0.0717,0,Low
19,50.39,995.56,0,2,2,0,4,25.13,0,0,0,0,0,1,0.5387,1,Medium
32,83.13,2538.52,0,0,0,0,4,2.29,0,0,0,0,0,0,0.7374,1,High
28,97.2,2978.07,0,0,2,0,5,8.11,0,0,0,0,0,0,0.666,1,High
52,89.13,5083.94,0,1,1,0,1,0.57,0,1,1,0,1,1,0.4492,0,Medium
72,30.87,2351.43,0,2,1,2,5,0.27,0,0,1,0,0,0,0.3061,0,Medium
17,54.65,936.22,0,2,1,1,6,11.0,0,0,1,2,0,1,0.4626,0,Medium
43,35.52,1507.6,1,0,0,0,4,7.59,1,1,1,0,0,0,0.158,0,Low
25,51.78,1266.45,0,1,0,1,3,16.68,0,1,0,0,0,0,0.6246,1,High
3,37.42,105.3,0,1,2,1,1,10.15,0,1,0,0,0,0,0.7618,1,High
8,84.51,709.88,0,1,3,1,0,0.3,0,1,0,2,2,1,0.5411,1,Medium
61,69.86,4245.22,0,1,1,1,4,6.14,0,0,0,1,0,0,0.7362,1,High
18,65.48,1219.6,1,0,0,3,5,21.82,0,0,0,2,0,0,0.3847,0,Medium
33,64.95,2271.26,0,0,3,1,3,0.22,0,0,0,1,0,0,0.4199,0,Medium
1,87.7,79.21,0,1,2,1,2,2.22,0,1,0,2,1,1,0.5839,1,Medium
2,95.68,190.81,0,1,3,0,3,1.14,0,0,0,2,1,1,0.6351,1,High
72,73.94,5140.76,0,0,2,1,1,15.44,0,0,1,2,2,0,0.2663,0,Low
72,48.7,3184.08,1,1,2,0,0,9.17,0,1,0,0,2,0,0.0844,0,Low
65,83.53,5872.3,0,0,2,0,2,10.6,0,1,1,0,0,0,0.4264,0,Medium
18,94.34,1721.72,0,0,0,0,5,0.93,0,1,1,0,0,1,0.6851,1,High
2,73.89,156.63,0,0,1,1,1,7.09,0,0,0,1,0,1,0.8724,1,High
13,29.03,369.78,0,0,2,1,4,18.28,0,1,0,1,0,1,0.7444,1,High
4,28.98,124.0,1,2,3,0,5,10.58,0,0,0,0,2,0,0.1703,0,Low
13,73.96,947.41,0,1,0,0,8,2.18,1,1,0,0,1,0,0.6216,1,High
72,20.56,1505.67,0,2,0,0,4,10.28,0,0,0,2,1,0,0.3273,0,Medium
3,94.06,263.7,0,0,2,0,5,19.34,0,1,1,0,2,0,0.5756,1,Medium
12,59.45,670.01,1,2,1,1,4,14.57,0,1,0,2,2,0,0.0934,0,Low
68,41.25,3072.61,2,2,3,1,2,3.13,0,0,0,1,2,0,0.0609,0,Low
2,50.08,106.46,0,0,3,0,0,7.75,0,0,0,1,2,1,0.6115,1,High
50,80.57,4155.01,0,2,2,0,3,2.24,1,0,1,2,2,0,0.3171,0,Medium
31,79.04,2308.12,2,2,1,0,5,36.82,0,0,1,1,0,0,0.1178,0,Low
30,94.98,2670.93,0,1,0,0,3,1.82,1,0,0,2,0,0,0.509,1,Medium
60,66.14,4264.11,1,1,2,4,3,3.12,0,0,0,0,2,0,0.2335,0,Low
15,85.51,1392.12,1,0,2,0,3,3.89,0,0,1,0,0,0,0.4961,0,Medium
26,68.4,1871.62,0,2,2,0,3,1.32,1,0,0,2,0,0,0.3913,0,Medium
1,43.41,42.77,0,0,2,0,8,5.45,0,1,0,2,0,0,0.6686,1,High
1,20.0,21.74,2,1,2,1,4,4.28,1,1,0,0,1,0,0.195,0,Low
1,92.25,91.42,2,1,3,0,2,3.03,0,1,0,1,1,0,0.1778,0,Low
1,83.77,91.15,2,0,2,0,2,2.7,0,1,0,0,2,0,0.1756,0,Low
51,35.27,1625.22,2,2,2,0,5,0.34,1,0,0,2,2,0,0.1323,0,Low
72,63.54,4287.83,1,1,0,1,4,1.04,0,0,0,0,2,0,0.0849,0,Low
9,20.15,165.77,0,1,2,0,4,0.09,0,0,0,0,1,1,0.8184,1,High
3,86.72,266.24,1,1,2,0,2,8.33,0,1,1,1,0,1,0.2915,0,Low
20,36.91,719.32,0,0,3,2,3,7.22,0,1,0,1,0,1,0.6267,1,High
17,26.01,433.09,0,0,0,0,4,11.03,0,0,1,0,1,0,0.6958,1,High
1,59.33,60.86,0,1,0,0,2,0.55,0,1,0,1,0,0,0.7567,1,High
62,39.86,2615.75,0,1,0,1,1,7.24,0,0,0,2,0,0,0.5236,1,Medium
41,74.23,3148.32,2,1,0,0,4,13.48,0,0,0,0,2,0,0.0799,0,Low
6,95.06,528.79,1,0,3,1,7,38.08,0,0,0,2,0,0,0.3692,0,Medium
15,62.35,901.08,0,1,2,0,4,4.11,0,1,1,2,2,1,0.4158,0,Medium
26,31.25,809.3,0,1,2,0,5,20.94,0,0,0,1,0,1,0.7141,1,High
24,35.01,804.05,1,1,3,0,7,1.68,0,1,1,0,0,0,0.1942,0,Low
10,60.95,653.32,2,2,0,1,0,22.5,0,1,1,2,0,0,0.0869,0,Low
21,31.88,636.86,2,0,2,0,2,0.61,0,0,1,2,1,0,0.1177,0,Low
19,36.75,674.02,0,1,0,1,3,7.52,0,0,0,2,2,0,0.3188,0,Medium
23,62.54,1367.36,1,1,0,0,2,0.79,0,0,1,0,0,0,0.3573,0,Medium
65,24.36,1593.66,1,1,2,2,2,14.5,0,0,1,1,0,0,0.2145,0,Low
15,81.06,1104.11,0,2,0,1,1,1.97,0,0,1,2,2,0,0.4478,0,Medium
1,47.89,46.74,0,0,2,0,2,5.96,0,0,0,0,0,0,0.8659,1,High
2,39.8,80.24,2,1,0,0,1,16.0,1,0,0,2,2,0,0.1645,0,Low
42,38.01,1492.52,2,0,1,1,3,4.05,0,1,0,1,0,0,0.1609,0,Low
16,42.59,737.72,0,0,0,1,2,6.82,0,0,0,2,1,1,0.6548,1,High
7,46.55,305.82,0,2,3,0,3,27.94,0,0,1,0,0,0,0.4107,0,Medium
43,20.0,881.13,1,1,1,0,3,5.49,0,0,0,0,2,0,0.1322,0,Low
20,64.4,1175.85,0,1,0,1,2,3.36,1,1,1,2,0,1,0.5325,1,Medium
72,72.48,4837.28,0,2,3,0,2,8.8,0,1,1,0,0,0,0.2089,0,Low
15,83.05,1333.47,1,2,3,0,1,18.45,0,1,0,0,2,0,0.1518,0,Low
8,90.67,749.88,2,1,3,0,5,5.7,0,1,0,1,1,0,0.2296,0,Low
27,86.08,2503.86,2,1,1,0,2,5.1,0,0,0,0,0,0,0.1928,0,Low
19,52.56,1010.68,1,0,3,0,4,7.03,0,1,0,0,0,0,0.3537,0,Medium
72,63.55,4650.89,0,2,1,0,3,1.74,1,0,0,0,1,0,0.4545,0,Medium
14,56.84,756.7,0,2,0,2,4,2.83,0,0,0,0,2,0,0.4937,0,Medium
28,106.84,2991.46,2,0,0,0,0,18.73,0,0,0,1,2,0,0.087,0,Low
72,20.0,1554.7,0,0,2,0,2,3.94,0,0,0,1,2,0,0.3867,0,Medium
32,51.31,1788.46,0,1,3,0,6,3.89,0,1,0,2,2,0,0.3003,0,Medium
57,64.7,3885.46,2,2,1,1,3,4.89,0,1,1,0,0,0,0.0748,0,Low
51,55.3,2956.78,0,2,1,0,1,16.28,0,0,0,2,0,0,0.3871,0,Medium
18,65.86,1266.16,1,2,2,0,4,0.23,0,0,0,2,0,0,0.2837,0,Low
14,68.49,955.42,1,1,1,0,1,8.48,0,0,0,0,1,0,0.4808,0,Medium
39,45.34,1682.53,1,0,3,1,5,6.36,0,1,1,0,0,0,0.097,0,Low
19,72.28,1389.07,2,0,3,1,2,9.12,0,1,1,2,0,1,0.2733,0,Low
4,38.85,148.16,0,1,1,1,1,2.33,0,1,1,2,1,1,0.4936,0,Medium
24,95.23,2061.28,0,0,2,1,2,5.93,0,0,0,0,2,0,0.6273,1,High
40,28.36,1146.08,1,0,2,0,2,5.58,0,1,1,0,2,0,0.0742,0,Low
53,42.24,2406.9,2,2,3,2,4,3.23,0,1,1,2,2,1,0.1071,0,Low
48,75.98,3427.67,1,1,0,1,3,2.85,0,0,0,0,0,1,0.1756,0,Low
29,105.89,2857.62,2,1,0,1,2,3.92,0,0,1,2,0,0,0.0875,0,Low
49,120.0,6080.77,1,0,3,0,4,27.92,0,0,0,0,0,0,0.1632,0,Low
55,106.63,6431.69,2,0,3,1,3,6.39,0,1,0,0,1,0,0.0958,0,Low
13,72.38,886.43,1,0,1,0,2,7.04,0,1,0,0,1,0,0.3336,0,Medium
7,26.99,192.78,1,1,2,0,3,3.86,0,1,0,0,1,0,0.2928,0,Low
5,56.92,276.91,0,2,3,0,2,2.47,0,1,1,1,1,0,0.4968,0,Medium
5,84.16,449.58,2,1,0,0,1,5.39,0,0,0,0,0,0,0.3244,0,Medium
1,74.82,76.78,2,2,1,1,2,6.17,0,0,0,0,2,0,0.1029,0,Low
72,68.95,4934.37,2,0,0,0,4,0.86,0,1,0,0,0,0,0.0742,0,Low
72,67.05,4742.13,0,1,2,0,2,4.72,0,1,0,1,0,0,0.4031,0,Medium
68,20.0,1429.76,1,0,0,1,3,1.9,0,0,1,2,0,0,0.1267,0,Low
7,60.29,426.12,2,2,2,0,2,32.75,0,0,0,0,0,0,0.2039,0,Low
4,55.82,245.1,0,0,2,0,0,14.08,0,0,0,2,2,0,0.6159,1,High
9,75.81,690.59,2,1,2,0,5,2.96,1,0,1,2,1,0,0.2239,0,Low
21,48.65,1035.89,1,1,1,1,1,6.41,0,0,0,2,1,0,0.3691,0,Medium
52,68.66,3492.33,0,2,3,0,1,3.88,0,0,0,0,0,0,0.2724,0,Low
14,31.98,470.38,0,1,0,0,3,29.74,0,0,0,1,0,1,0.8107,1,High
46,60.35,2726.9,0,1,3,2,0,4.57,0,0,1,1,0,0,0.4084,0,Medium
28,88.95,2279.6,0,2,3,0,5,15.97,0,1,0,0,0,0,0.3674,0,Medium
12,20.0,229.54,1,1,2,0,0,12.2,1,0,0,0,1,0,0.3463,0,Medium
1,54.92,53.02,0,1,3,0,1,20.38,0,1,0,0,2,0,0.598,1,Medium
67,102.33,7012.67,0,2,3,0,3,22.63,0,0,1,1,2,0,0.2768,0,Low
4,52.1,188.5,0,2,0,1,3,8.72,0,0,0,2,2,0,0.4483,0,Medium
27,53.51,1374.73,1,2,2,0,3,6.0,1,1,1,0,2,0,0.0655,0,Low
12,82.45,918.21,1,0,2,0,4,3.39,0,1,1,0,2,0,0.1739,0,Low
3,37.96,123.84,1,1,2,1,5,13.19,0,0,0,0,2,0,0.2304,0,Low
8,41.94,344.99,2,0,0,0,3,0.27,0,0,0,1,1,0,0.2589,0,Low
72,55.94,3913.86,2,2,0,0,5,3.17,0,0,0,1,0,0,0.0995,0,Low
15,109.2,1481.96,0,2,2,0,4,1.9,0,0,0,0,2,1,0.5097,1,Medium
22,45.96,959.46,0,1,3,0,4,18.96,0,0,0,2,0,1,0.6062,1,High
44,83.78,3636.87,0,0,2,1,5,14.38,0,1,0,0,0,0,0.4951,0,Medium
20,60.51,1097.45,0,0,2,0,3,17.45,0,0,0,2,0,0,0.7408,1,High
29,120.0,3608.78,0,0,0,0,3,30.96,0,0,0,0,0,0,0.7056,1,High
51,38.72,1911.33,0,1,2,0,2,12.02,0,1,1,0,0,0,0.4383,0,Medium
72,43.4,3163.52,2,1,2,1,1,4.79,0,1,0,1,0,0,0.1003,0,Low
5,52.94,263.02,0,0,0,1,3,7.14,0,0,0,0,2,1,0.5609,1,Medium
15,76.43,1240.86,1,2,1,1,3,7.84,1,0,1,1,0,0,0.2839,0,Low
22,69.66,1502.96,0,1,1,0,5,22.26,0,0,0,0,0,1,0.8157,1,High
19,56.83,1121.32,1,1,2,1,3,2.92,0,0,0,0,1,0,0.4877,0,Medium
3,49.27,137.66,2,0,0,0,0,12.84,0,1,0,2,1,0,0.1979,0,Low
17,62.68,967.53,0,2,3,0,7,0.91,0,1,1,1,2,0,0.3272,0,Medium
48,30.05,1321.94,0,2,2,0,3,3.62,0,0,1,2,2,0,0.3182,0,Medium
1,100.17,102.73,1,1,0,0,5,13.71,0,1,0,2,2,0,0.2456,0,Low
72,20.0,1573.38,0,1,2,0,0,3.06,0,0,1,1,2,1,0.3284,0,Medium
14,31.26,460.73,0,1,0,1,2,3.47,0,1,0,2,1,0,0.5299,1,Medium
1,36.87,39.44,2,0,0,1,2,14.84,0,1,0,2,0,0,0.1977,0,Low
33,53.52,1804.63,1,2,2,0,3,6.86,0,0,0,1,1,0,0.1633,0,Low
19,72.27,1426.89,0,2,2,0,2,3.28,0,1,1,1,0,0,0.4864,0,Medium
36,20.0,716.51,1,1,3,0,3,3.8,0,1,0,0,1,0,0.1521,0,Low
2,58.55,126.91,1,2,2,0,4,8.5,0,0,1,0,1,1,0.2221,0,Low
33,59.36,1874.56,1,0,2,0,2,9.21,0,1,1,1,0,0,0.1318,0,Low
7,82.2,518.14,1,1,3,1,4,5.13,1,1,0,0,2,0,0.2019,0,Low
1,54.72,57.05,0,1,2,1,2,10.66,0,0,0,0,1,1,0.8738,1,High
46,61.32,2566.97,0,1,2,0,2,18.66,0,1,1,0,0,0,0.4498,0,Medium
71,65.87,4892.42,2,0,3,1,4,3.69,0,1,0,2,2,0,0.0543,0,Low
29,52.1,1651.23,0,0,2,1,2,6.74,0,1,1,1,0,1,0.441,0,Medium
13,60.11,813.54,1,2,0,0,4,2.56,0,0,0,1,2,0,0.1154,0,Low
36,43.94,1695.59,1,2,0,2,3,5.31,1,1,0,0,0,0,0.1976,0,Low
39,73.79,3038.57,2,1,1,0,4,0.2,0,1,0,0,0,0,0.1229,0,Low
62,68.44,4220.91,0,1,0,0,5,1.31,1,0,0,0,0,0,0.5941,1,Medium
1,43.72,41.74,0,1,3,0,4,4.23,0,1,1,0,0,0,0.5286,1,Medium
8,85.84,624.99,0,0,0,3,2,15.56,0,1,0,1,2,0,0.6109,1,High
22,94.18,2053.63,1,1,3,0,7,13.4,0,1,1,1,1,0,0.3145,0,Medium
52,96.86,4769.35,0,1,3,0,2,1.32,0,0,1,1,2,1,0.3251,0,Medium
5,92.1,483.97,0,1,1,0,0,1.22,0,0,0,2,0,1,0.7032,1,High
1,25.51,23.16,1,0,3,0,7,15.85,0,0,0,0,0,0,0.2946,0,Low
71,67.91,4672.33,0,0,2,0,3,20.01,0,1,0,1,2,0,0.3731,0,Medium
2,65.04,117.3,1,1,2,1,5,9.34,0,0,0,2,1,0,0.3051,0,Medium
5,112.82,574.03,0,2,2,1,3,0.52,0,0,0,0,1,0,0.6879,1,High
3,89.78,288.32,0,1,0,1,1,4.3,0,1,1,0,2,0,0.5281,1,Medium
12,88.94,1104.96,1,2,3,0,1,0.75,0,1,0,0,0,0,0.2548,0,Low
22,71.55,1487.57,0,0,3,0,2,55.03,0,1,1,0,2,1,0.429,0,Medium
11,35.2,415.8,1,2,0,0,2,0.04,0,1,1,0,0,0,0.1964,0,Low
11,59.99,694.36,2,1,3,1,4,4.73,0,0,0,2,1,0,0.2145,0,Low
2,63.73,130.8,0,1,0,0,5,0.66,0,0,1,0,2,0,0.4948,0,Medium
41,63.32,2691.91,2,1,0,0,3,3.63,0,1,1,2,0,0,0.0867,0,Low
1,68.92,66.92,1,1,1,1,5,34.4,0,1,0,0,0,0,0.2802,0,Low
5,58.19,296.27,0,1,0,0,2,3.93,0,0,0,2,0,1,0.7611,1,High
36,72.76,2378.7,0,2,2,0,8,0.54,0,0,0,0,0,1,0.4467,0,Medium
20,58.49,1196.77,1,2,2,0,4,8.61,0,1,0,0,0,1,0.2577,0,Low
41,61.87,2621.19,0,1,3,0,1,3.84,0,0,0,2,2,1,0.3242,0,Medium
60,108.16,5944.28,1,0,2,0,2,0.21,1,1,1,0,0,0,0.072,0,Low
28,68.14,1759.2,0,0,2,1,6,2.41,0,0,0,0,0,0,0.6653,1,High
4,58.1,220.34,1,0,2,1,2,0.76,0,1,1,0,1,0,0.2419,0,Low
8,79.47,680.13,0,2,3,0,2,1.59,1,1,1,2,0,1,0.3911,0,Medium
15,54.88,778.37,2,0,3,3,6,2.52,0,0,0,0,0,0,0.2579,0,Low
59,75.15,4708.74,2,0,2,1,1,9.61,0,0,0,2,2,0,0.0777,0,Low
72,49.23,3650.66,1,1,2,1,2,3.8,0,0,0,1,0,0,0.1376,0,Low
20,45.95,936.73,1,1,2,0,3,3.57,0,1,1,2,2,0,0.1436,0,Low
16,116.05,1729.22,1,0,1,1,5,22.72,0,0,1,2,0,0,0.2936,0,Low
72,29.18,1913.0,0,1,3,0,2,23.48,0,1,0,0,2,0,0.2471,0,Low
59,76.46,4351.51,0,2,0,2,1,0.97,0,0,1,0,0,1,0.3683,0,Medium
33,56.37,1865.58,2,0,3,1,1,3.85,0,1,0,2,1,0,0.0698,0,Low
2,66.4,145.48,0,0,3,0,6,8.21,1,1,1,0,0,0,0.5486,1,Medium
4,77.23,288.86,0,1,2,2,3,36.19,0,1,1,2,1,1,0.5292,1,Medium
72,64.75,4560.41,0,1,2,1,3,2.87,0,0,0,2,1,0,0.4911,0,Medium
5,63.71,337.24,0,2,3,0,6,6.23,0,0,0,1,1,0,0.515,1,Medium
67,106.75,6742.25,2,2,0,0,2,2.71,0,0,0,0,2,0,0.0897,0,Low
48,33.66,1535.28,0,0,3,0,2,5.77,0,1,1,1,2,0,0.2763,0,Low
62,40.54,2274.27,0,1,2,0,5,6.97,0,0,0,0,0,1,0.6811,1,High
24,42.23,971.75,0,1,2,0,2,10.51,0,0,1,2,0,1,0.5132,1,Medium
72,20.0,1383.61,0,1,2,0,5,0.68,0,1,0,2,2,0,0.3302,0,Medium
45,51.91,2183.84,0,1,1,0,3,1.04,0,0,0,0,1,0,0.6538,1,High
50,100.38,5404.32,0,0,2,0,7,5.18,0,0,0,0,0,0,0.5944,1,Medium
22,35.81,794.79,0,0,0,0,5,10.01,0,0,0,2,0,0,0.6286,1,High
9,77.34,640.39,2,2,2,0,1,4.06,0,1,0,0,0,0,0.1916,0,Low
72,46.28,3284.88,2,1,1,0,3,0.81,0,0,1,2,0,0,0.0553,0,Low
37,71.42,2607.28,1,0,0,0,1,2.73,0,1,0,0,2,0,0.0607,0,Low
2,87.12,169.96,1,1,3,0,1,3.23,0,1,0,0,0,0,0.2806,0,Low
31,62.22,1937.98,2,1,3,0,2,18.02,1,1,1,0,0,0,0.0755,0,Low
8,62.7,451.59,2,1,0,2,4,2.38,0,1,1,0,1,1,0.2248,0,Low
45,43.1,1762.14,2,0,0,0,4,11.44,0,1,0,0,0,0,0.1688,0,Low
72,60.16,4268.95,1,1,2,2,3,5.57,0,0,1,1,0,0,0.0946,0,Low
1,99.5,93.6,0,0,1,0,5,19.52,0,1,0,1,1,0,0.7669,1,High
4,33.89,143.03,0,1,2,0,2,7.71,0,1,0,0,0,1,0.7763,1,High
42,55.78,2447.93,1,0,3,0,1,3.63,0,1,0,0,0,0,0.095,0,Low
18,46.57,885.15,0,2,0,1,5,3.04,0,0,0,0,0,0,0.6163,1,High
15,56.98,921.37,2,1,0,1,6,16.61,0,1,1,2,2,0,0.0963,0,Low
1,22.73,22.95,1,1,2,0,2,2.86,0,0,0,0,0,0,0.4206,0,Medium
45,20.0,823.25,0,1,1,0,2,8.08,1,1,1,0,1,0,0.4369,0,Medium
5,116.22,527.41,1,2,2,0,8,10.51,0,0,0,1,2,0,0.3687,0,Medium
34,91.6,2942.23,0,1,0,1,6,16.87,0,1,1,2,2,1,0.2579,0,Low
51,95.53,4736.8,1,0,2,0,5,12.16,0,1,0,0,2,0,0.0854,0,Low
32,79.43,2785.23,0,2,3,0,3,2.94,0,1,1,2,2,0,0.3042,0,Medium
3,59.59,178.15,1,2,3,1,1,6.94,0,1,1,0,1,0,0.1834,0,Low
72,20.0,1309.45,1,2,2,0,4,2.53,0,1,0,2,0,0,0.155,0,Low
23,40.58,990.96,1,1,2,0,1,3.62,0,0,0,1,2,1,0.1825,0,Low
1,40.19,36.52,2,1,1,0,4,8.61,1,0,0,1,2,0,0.1797,0,Low
56,87.46,4580.0,2,1,2,1,3,1.74,0,1,0,0,1,0,0.1192,0,Low
72,106.97,7897.45,0,1,1,0,7,1.19,0,0,0,2,2,0,0.3499,0,Medium
62,39.65,2412.62,0,1,0,0,3,0.4,0,1,0,0,2,0,0.382,0,Medium
4,84.44,323.83,0,1,3,0,1,6.76,0,1,0,2,2,0,0.5544,1,Medium
59,83.59,4558.19,0,2,0,1,5,6.8,0,1,0,1,0,0,0.4158,0,Medium
8,84.1,669.8,0,0,3,0,2,2.35,0,0,0,2,2,1,0.5568,1,Medium
9,57.91,518.27,1,1,0,0,3,11.66,1,0,1,2,1,1,0.2185,0,Low
24,20.0,493.85,2,0,2,1,2,3.02,0,1,0,1,0,0,0.2404,0,Low
26,76.34,1991.32,0,2,1,3,1,10.78,0,0,0,2,1,1,0.4597,0,Medium
62,83.17,5360.53,0,1,0,1,6,18.8,0,0,0,2,0,1,0.4814,0,Medium
40,29.94,1314.82,2,0,2,0,6,14.71,0,0,0,0,2,0,0.1474,0,Low
72,20.0,1384.51,1,1,1,0,3,3.17,1,0,0,0,0,0,0.2543,0,Low
72,71.34,5287.33,0,1,2,0,0,7.24,0,0,0,0,2,0,0.3984,0,Medium
9,73.02,720.75,1,1,2,1,2,3.89,0,0,0,0,1,0,0.4386,0,Medium
22,61.18,1280.95,2,1,2,0,6,2.64,1,0,0,1,0,0,0.3092,0,Medium
5,30.85,141.13,0,1,1,0,2,16.44,0,0,1,1,0,0,0.7285,1,High
33,103.97,3373.16,0,1,2,1,0,9.44,0,0,0,0,0,0,0.7466,1,High
72,90.55,7138.28,0,1,1,0,5,6.32,0,1,0,2,0,0,0.3442,0,Medium
39,45.1,1744.62,2,1,0,0,3,26.77,1,1,0,1,1,0,0.1688,0,Low
2,75.0,139.23,0,1,0,0,4,3.22,0,1,1,1,1,0,0.6541,1,High
25,34.11,771.97,0,2,0,1,1,3.07,0,0,1,2,2,0,0.3074,0,Medium
32,103.48,3180.56,0,0,0,0,2,18.1,0,1,0,1,2,0,0.3836,0,Medium
23,68.35,1651.53,0,0,2,0,3,3.68,1,1,1,0,0,0,0.5935,1,Medium
56,80.2,4193.29,0,2,3,0,3,6.6,0,1,0,2,0,0,0.3363,0,Medium
28,34.31,1025.88,0,0,2,1,3,5.01,0,0,0,2,0,0,0.5788,1,Medium
46,25.36,1093.08,0,2,2,0,1,5.85,0,1,0,0,0,0,0.4125,0,Medium
4,89.34,346.15,0,1,2,0,1,4.81,1,1,1,1,0,1,0.6057,1,High
41,61.58,2398.64,0,1,2,0,5,0.38,0,0,0,2,1,0,0.5055,1,Medium
47,53.58,2627.53,1,2,3,1,2,3.86,0,1,0,0,2,0,0.0501,0,Low
12,83.99,1082.29,2,1,2,0,0,12.97,0,0,0,0,0,0,0.3882,0,Medium
3,69.53,189.04,0,1,3,0,1,5.34,0,1,0,0,1,1,0.6972,1,High
52,62.79,3341.1,0,1,2,1,2,5.16,1,1,1,0,2,1,0.3309,0,Medium
48,73.11,3309.37,1,2,1,0,5,14.5,0,1,0,0,1,0,0.0924,0,Low
72,94.71,6154.29,2,1,2,2,2,21.81,0,0,1,1,1,0,0.0888,0,Low
5,42.45,223.2,0,1,3,0,1,9.96,1,1,0,0,0,1,0.5227,1,Medium
17,88.72,1628.37,0,2,3,0,3,22.63,0,1,0,2,2,0,0.3116,0,Medium
72,51.53,3456.63,0,0,0,0,2,2.36,0,1,0,1,2,0,0.2995,0,Low
72,74.62,5444.88,2,0,3,2,1,15.17,0,1,0,1,1,0,0.0964,0,Low
15,54.06,850.03,2,0,0,0,2,21.83,0,1,0,1,2,1,0.1146,0,Low
31,37.15,1055.73,0,2,1,0,3,25.07,1,1,0,1,0,1,0.3581,0,Medium
15,86.8,1401.17,0,1,2,1,1,6.83,0,0,1,2,0,0,0.6345,1,High
10,51.55,556.7,2,0,2,0,1,2.63,0,1,1,0,2,0,0.0809,0,Low
60,53.5,2920.55,2,0,3,0,6,20.36,0,1,1,0,1,0,0.0933,0,Low
23,25.05,572.06,0,0,0,0,2,6.5,0,0,0,0,0,1,0.8285,1,High
22,63.41,1439.1,2,1,2,0,2,17.99,0,1,0,0,2,0,0.1797,0,Low
29,73.75,1964.91,1,2,2,2,4,4.8,1,0,0,2,0,0,0.1389,0,Low
72,37.81,2659.91,2,0,0,0,4,1.79,0,1,1,0,1,0,0.0744,0,Low
14,37.79,562.24,0,1,3,1,3,13.77,0,1,1,0,0,1,0.5096,1,Medium
14,51.35,665.87,1,1,3,1,7,7.77,0,0,0,1,2,0,0.1915,0,Low
72,76.35,5276.14,0,1,0,0,2,15.64,0,0,1,1,0,0,0.3279,0,Medium
30,107.9,2919.77,2,1,2,0,1,4.1,0,0,0,2,1,0,0.1024,0,Low
1,93.76,102.83,1,2,3,1,1,7.42,0,0,0,0,0,0,0.2663,0,Low
21,65.58,1483.23,2,0,3,1,4,2.42,0,1,1,0,0,0,0.2377,0,Low
36,106.81,4197.78,1,0,2,0,7,1.05,0,1,1,2,0,0,0.0749,0,Low
1,99.99,103.12,0,1,0,0,6,20.45,1,1,0,0,0,0,0.6756,1,High
72,83.91,5868.77,0,1,0,0,3,0.88,0,0,1,1,0,0,0.3561,0,Medium
56,75.86,3988.84,0,2,1,0,2,16.08,0,1,0,2,0,0,0.3184,0,Medium
55,20.0,1115.34,0,0,2,0,4,13.5,0,0,0,1,2,0,0.4228,0,Medium
44,77.92,3720.45,2,0,2,1,3,22.63,0,1,1,0,2,0,0.0749,0,Low
46,83.1,4141.61,2,1,0,0,5,7.5,0,1,1,2,2,0,0.0473,0,Low
14,40.39,604.67,1,1,3,2,5,19.1,0,1,0,2,2,1,0.2122,0,Low
64,50.08,3028.87,0,0,2,1,5,9.67,1,1,0,0,0,0,0.4542,0,Medium
33,76.66,2748.06,0,0,2,0,0,32.73,0,0,0,2,0,0,0.4715,0,Medium
18,78.39,1317.23,2,1,3,1,3,15.8,0,0,0,0,0,0,0.3409,0,Medium
6,53.37,342.53,1,1,0,0,3,1.69,0,1,0,2,2,0,0.1526,0,Low
3,95.51,263.98,0,2,0,0,3,8.28,0,1,0,2,0,0,0.5026,1,Medium
3,22.12,66.4,0,1,3,1,3,10.18,0,1,0,0,0,0,0.5861,1,Medium
17,114.31,2048.92,0,1,3,0,1,2.74,0,1,1,0,2,0,0.527,1,Medium
4,96.4,390.54,0,1,0,0,2,1.37,1,1,0,1,0,1,0.6275,1,High
6,69.97,429.21,0,2,0,0,5,15.25,1,0,0,0,0,0,0.5059,1,Medium
33,42.95,1540.13,1,1,2,2,0,5.75,0,0,0,2,2,1,0.1226,0,Low
28,64.0,1733.26,2,2,2,0,3,9.05,0,0,0,0,0,0,0.1307,0,Low
23,90.18,2240.79,0,1,1,1,2,7.53,0,0,0,2,1,1,0.6868,1,High
1,110.49,103.52,1,1,1,1,1,13.5,0,1,0,0,0,0,0.3569,0,Medium
72,26.38,2023.65,0,1,1,0,2,12.74,0,1,1,2,1,0,0.2918,0,Low
22,79.17,1666.76,1,2,3,0,2,1.38,0,0,0,0,2,0,0.1535,0,Low
4,57.5,213.86,0,2,3,0,4,18.08,0,0,1,0,0,0,0.5437,1,Medium
19,120.0,2294.23,0,1,2,0,4,3.63,0,0,0,0,2,1,0.6482,1,High
38,48.0,1952.28,1,2,2,0,6,34.96,0,0,0,0,1,0,0.1494,0,Low
11,103.32,1198.91,0,1,0,1,6,6.39,0,0,0,2,2,0,0.4968,0,Medium
49,59.65,2891.08,0,2,0,1,3,8.47,0,0,0,1,2,0,0.3695,0,Medium
40,37.85,1661.95,0,2,0,1,6,0.56,0,0,1,0,1,0,0.338,0,Medium
5,68.04,367.6,0,1,2,0,1,2.41,0,1,1,0,2,0,0.5923,1,Medium
19,88.57,1651.37,0,1,2,0,4,7.4,0,1,0,2,0,0,0.5773,1,Medium
18,44.64,786.8,2,1,3,0,4,11.52,0,1,0,2,0,0,0.2322,0,Low
11,68.12,751.8,2,1,0,0,1,3.87,0,1,0,2,2,0,0.0917,0,Low
1,70.89,77.11,1,1,3,0,0,18.36,0,1,1,0,0,0,0.2039,0,Low
61,58.84,3718.88,2,1,3,0,3,2.55,0,1,0,2,1,0,0.0761,0,Low
17,56.45,1045.01,1,1,2,0,1,0.06,1,0,1,1,0,0,0.4285,0,Medium
3,81.59,263.48,0,1,2,0,3,13.85,0,1,1,0,1,1,0.6792,1,High
7,107.31,765.69,1,1,2,0,7,0.19,0,0,0,1,1,1,0.4477,0,Medium
36,82.49,2992.17,0,1,1,0,4,8.07,0,0,0,0,2,0,0.4716,0,Medium
